B03002,Hispanic or Latino Origin by Race,,,,,,,,
zip,Total,White alone,Black or African American alone,American Indian and Alaska Native alone,Asian alone,Native Hawaiian and Other Pacific Islander alone,Some other race alone,Two or more races,Hispanic or Latino
6390,125,117,0,0,0,0,0,4,4
7421,7255,6015,85,274,185,0,97,63,536
10001,24117,13163,1384,16,5377,21,92,323,3741
10002,74479,16396,5541,455,30970,22,132,1409,19554
10003,53977,37316,2976,51,7806,73,155,1041,4559
10004,3335,1977,132,0,969,17,35,97,108
10005,8701,6236,92,0,1543,0,0,278,552
10006,3092,1995,99,0,496,0,52,115,335
10007,7408,5063,579,0,761,0,0,139,866
10009,58293,30059,4550,40,8200,12,39,1526,13867
10010,35906,21848,3283,0,5815,0,310,843,3807
10011,49949,36152,1917,0,4387,5,200,1330,5958
10012,23318,16042,552,0,4249,0,20,649,1806
10013,28799,15557,995,90,9034,0,215,992,1916
10014,30344,25280,401,0,1422,0,155,967,2119
10016,52886,34510,1835,47,10621,0,393,1167,4313
10017,15846,11014,314,0,3373,0,83,241,821
10018,8806,4264,428,0,2422,0,51,226,1415
10019,45498,25155,2520,75,8649,46,457,1190,7406
10020,0,0,0,0,0,0,0,0,0
10021,44280,36034,126,167,3782,63,31,1024,3053
10022,31130,23882,392,77,3752,0,35,595,2397
10023,62541,44765,2817,67,6543,0,361,1143,6845
10024,58102,44260,1865,0,4622,0,62,1076,6217
10025,92251,50186,8757,85,8936,13,417,2120,21737
10026,38585,7979,18704,5,2406,0,122,1087,8282
10027,64988,17113,22322,161,6095,5,176,2025,17091
10028,46768,37856,477,0,4510,0,0,692,3233
10029,76713,11830,20877,68,6906,14,298,976,35744
10030,31060,3351,17536,5,645,101,132,968,8322
10031,59586,11352,13526,49,2379,0,235,1535,30510
10032,63214,8810,8425,59,2576,65,253,722,42304
10033,58349,14682,2268,0,1284,0,202,788,39125
10034,42399,8477,2647,15,1220,14,111,576,29339
10035,36048,4140,13075,58,1335,25,442,532,16441
10036,28487,14394,1906,49,5208,0,16,755,6159
10037,20462,1218,13952,9,571,0,14,406,4292
10038,23311,11168,1631,59,6789,0,88,847,2729
10039,27854,1767,15821,56,443,10,12,685,9060
10040,44800,9955,2004,33,1231,0,204,578,30795
10044,12440,4673,1487,0,4264,0,18,395,1603
10065,29530,22782,663,0,3361,0,23,405,2296
10069,6051,3690,146,0,1752,0,0,234,229
10075,22252,15865,705,118,1359,0,0,734,3471
10103,0,0,0,0,0,0,0,0,0
10110,0,0,0,0,0,0,0,0,0
10111,0,0,0,0,0,0,0,0,0
10112,0,0,0,0,0,0,0,0,0
10115,0,0,0,0,0,0,0,0,0
10119,0,0,0,0,0,0,0,0,0
10128,58636,41400,1674,8,5782,0,296,1905,7571
10152,0,0,0,0,0,0,0,0,0
10153,0,0,0,0,0,0,0,0,0
10154,0,0,0,0,0,0,0,0,0
10162,1486,1181,0,0,72,0,0,49,184
10165,0,0,0,0,0,0,0,0,0
10167,0,0,0,0,0,0,0,0,0
10168,0,0,0,0,0,0,0,0,0
10169,0,0,0,0,0,0,0,0,0
10170,0,0,0,0,0,0,0,0,0
10171,0,0,0,0,0,0,0,0,0
10172,0,0,0,0,0,0,0,0,0
10173,0,0,0,0,0,0,0,0,0
10174,0,0,0,0,0,0,0,0,0
10177,0,0,0,0,0,0,0,0,0
10199,0,0,0,0,0,0,0,0,0
10271,0,0,0,0,0,0,0,0,0
10278,0,0,0,0,0,0,0,0,0
10279,42,42,0,0,0,0,0,0,0
10280,9496,6248,236,0,1546,0,0,387,1079
10282,5783,3985,57,0,1150,0,14,194,383
10301,38280,16980,7847,47,2409,0,119,1420,9458
10302,18037,5182,3758,11,1654,2,161,249,7020
10303,27401,5055,8897,12,2108,0,61,462,10806
10304,41112,15589,10775,83,4496,9,196,311,9653
10305,42726,25696,2994,0,6313,0,150,751,6822
10306,53877,38825,1653,25,3869,0,94,1010,8401
10307,14906,12585,63,20,670,0,0,74,1494
10308,29512,24979,314,27,1473,0,10,145,2564
10309,34058,28964,159,103,1143,0,113,278,3298
10310,23800,9995,4632,22,1354,0,5,397,7395
10311,0,0,0,0,0,0,0,0,0
10312,61392,49840,515,90,3267,39,74,606,6961
10314,89792,56061,2865,34,15023,76,97,1932,13704
10451,48136,1595,15962,46,656,0,230,432,29215
10452,75452,1371,19470,101,1173,19,312,609,52397
10453,81716,1211,21644,26,1213,0,470,635,56517
10454,37212,1311,10153,104,90,0,150,166,25238
10455,41951,657,10276,97,385,110,169,178,30079
10456,92717,1538,33899,556,582,0,391,943,54808
10457,74822,926,21980,87,687,0,321,573,50248
10458,85620,6832,14162,96,2494,48,229,1081,60678
10459,48780,843,13637,86,266,0,115,264,33569
10460,59432,1620,15195,20,816,96,298,473,40914
10461,49690,15263,3739,67,5833,57,181,617,23933
10462,75714,8966,18965,327,10218,0,832,1607,34799
10463,71132,22166,8518,113,2690,43,470,1444,35688
10464,4531,2379,1,0,227,0,20,0,1904
10465,43671,18013,3841,0,1081,8,342,265,20121
10466,75039,2236,50321,328,2132,37,1335,1047,17603
10467,101255,9355,30812,350,5754,19,768,1462,52735
10468,78881,2323,12701,332,1771,0,567,594,60593
10469,72384,7267,38257,143,4427,0,461,859,20970
10470,15716,5582,6369,0,463,0,118,226,2958
10471,22422,12962,2185,0,1145,0,277,419,5434
10472,67948,1948,16201,273,5383,0,390,1169,42584
10473,59579,1657,19834,87,813,0,253,421,36514
10474,12179,188,4311,12,21,0,46,8,7593
10475,42818,2843,25334,0,1044,0,272,901,12424
10501,1213,1009,13,0,0,0,0,33,158
10502,5514,4029,146,9,690,0,7,226,407
10503,153,114,0,0,16,0,0,0,23
10504,8196,6927,26,0,383,0,22,183,655
10505,1089,861,0,0,102,0,25,0,101
10506,5699,4869,46,0,254,0,0,38,492
10507,7134,4011,440,17,249,0,0,219,2198
10509,19582,13610,404,0,716,5,58,215,4574
10510,10438,8159,319,0,500,7,199,291,963
10511,2166,1639,144,5,8,0,13,35,322
10512,24672,19598,681,27,294,0,77,218,3777
10514,12667,10459,433,5,1211,0,0,271,288
10516,5375,4819,12,17,51,0,4,26,446
10517,459,396,0,0,33,0,5,0,25
10518,1071,917,0,0,143,0,0,0,11
10519,289,148,0,0,141,0,0,0,0
10520,13117,9792,535,0,609,0,14,285,1882
10522,11070,7828,877,27,652,0,11,438,1237
10523,9133,2648,2484,24,751,0,7,341,2878
10524,4380,3624,112,0,121,0,6,101,416
10526,1763,1468,41,0,49,0,0,0,205
10527,925,897,9,0,0,0,0,0,19
10528,13182,9687,243,102,1523,0,39,131,1457
10530,12268,7599,1133,19,1402,0,40,330,1745
10532,4952,4045,78,0,297,0,9,9,514
10533,7662,6430,12,0,600,17,0,173,430
10535,390,390,0,0,0,0,0,0,0
10536,10627,9331,184,84,298,0,12,189,529
10537,2441,1570,579,0,105,0,0,41,146
10538,16302,13423,94,0,1009,0,73,331,1372
10541,26321,22379,142,0,517,0,37,292,2954
10543,20951,13899,959,0,852,0,56,307,4878
10545,128,69,12,0,0,0,0,0,47
10546,1228,1066,3,0,85,0,0,20,54
10547,7690,4796,331,0,391,0,36,48,2088
10548,3793,2909,257,0,15,0,0,42,570
10549,16498,9944,579,0,873,0,40,212,4850
10550,37429,2893,26671,264,619,0,565,212,6205
10552,20202,7685,7176,30,743,0,218,540,3810
10553,10075,237,8678,0,10,0,137,77,936
10560,4792,3804,243,42,134,0,28,139,402
10562,31636,13970,3635,0,1620,0,123,548,11740
10566,24010,7022,5350,33,505,0,28,664,10408
10567,20518,13463,1035,8,605,7,91,641,4668
10570,12900,9863,551,0,498,0,61,311,1616
10573,38816,16056,1026,22,1113,9,97,247,20246
10576,4907,4248,102,0,121,0,21,133,282
10577,6356,4283,662,12,356,10,2,182,849
10578,801,668,0,0,26,0,0,0,107
10579,8208,6741,133,0,74,0,35,220,1005
10580,17334,14408,163,120,1007,0,127,374,1135
10583,40851,29445,614,48,6594,6,175,1179,2790
10588,3087,1851,122,0,154,0,0,0,960
10589,8793,8015,100,0,115,0,0,0,563
10590,7078,6094,165,16,219,0,20,117,447
10591,23044,12011,1215,0,1176,0,61,488,8093
10594,5090,3938,202,0,197,0,31,29,693
10595,8473,5495,931,9,638,0,22,93,1285
10596,1242,1022,28,0,9,0,0,81,102
10597,853,813,0,0,15,0,0,25,0
10598,29320,22832,1062,242,1643,12,44,385,3100
10601,10614,4568,1404,0,1379,0,37,134,3092
10603,17866,7054,4517,8,1484,0,71,173,4559
10604,11290,6655,905,25,590,0,29,202,2884
10605,19195,12438,1248,0,998,0,92,730,3689
10606,16841,5429,2207,0,1083,0,34,119,7969
10607,7578,2471,1691,25,1048,0,21,110,2212
10701,61604,15120,13676,112,3132,46,862,714,27942
10703,22148,7841,3618,0,1143,0,72,552,8922
10704,31683,17429,3638,49,2141,7,96,328,7995
10705,39944,8004,6837,0,2049,0,422,670,21962
10706,8493,6877,196,0,578,0,108,177,557
10707,10260,7171,527,0,905,0,9,259,1389
10708,21769,15696,1140,19,1009,8,50,570,3277
10709,9603,8346,193,9,590,0,61,39,365
10710,25262,12156,3326,184,3237,0,87,234,6038
10801,41370,12853,10263,0,2124,25,656,598,14851
10803,12510,8322,1118,0,969,0,24,483,1594
10804,15229,11828,1060,0,769,0,37,171,1364
10805,19096,6965,3408,2,905,0,234,109,7473
10901,23039,16767,1357,23,1261,14,47,561,3009
10910,0,0,0,0,0,0,0,0,0
10911,0,0,0,0,0,0,0,0,0
10913,5075,4231,63,0,394,0,0,109,278
10914,297,214,83,0,0,0,0,0,0
10915,85,85,0,0,0,0,0,0,0
10916,4352,3662,32,0,56,0,21,31,550
10917,1766,1208,0,0,138,0,78,7,335
10918,12653,8507,945,2,249,0,0,194,2756
10919,948,717,13,0,14,0,24,0,180
10920,9075,6248,322,42,802,0,107,142,1412
10921,3809,2799,53,80,37,0,23,131,686
10922,1637,1142,15,0,164,0,0,0,316
10923,8627,3337,897,0,687,0,221,109,3376
10924,13508,10173,514,0,395,0,0,135,2291
10925,3913,3348,72,98,25,0,0,37,333
10926,3592,1630,842,0,235,0,36,21,828
10927,12065,2427,983,0,282,0,0,83,8290
10928,4145,2320,776,12,285,0,28,292,432
10930,9425,6141,810,0,536,0,45,68,1825
10931,938,344,147,20,87,0,0,93,247
10932,102,83,0,0,0,0,0,0,19
10933,563,502,0,0,13,0,0,0,48
10940,48021,21202,7487,59,1351,0,516,1177,16229
10941,13786,6243,3347,2,704,0,54,325,3111
10950,50979,40983,1416,119,1294,0,113,644,6410
10952,42063,37748,2068,2,743,0,36,214,1252
10953,109,109,0,0,0,0,0,0,0
10954,22931,13309,3058,0,3002,0,68,633,2861
10956,32289,21202,2655,30,3595,0,64,649,4094
10958,3319,2267,457,0,13,0,0,41,541
10960,15857,8700,3404,0,596,0,83,433,2641
10962,6034,4218,375,12,788,0,20,101,520
10963,4487,2571,657,0,96,0,76,96,991
10964,1224,997,27,0,111,0,0,11,78
10965,15534,12297,536,117,935,0,12,192,1445
10968,2400,1819,109,0,145,0,0,62,265
10969,1329,1034,61,0,58,0,0,21,155
10970,10082,4244,1754,0,694,0,14,268,3108
10973,2479,1998,191,0,25,0,0,76,189
10974,3202,2534,142,0,77,0,19,42,388
10975,200,79,0,0,0,0,0,30,91
10976,2332,1592,106,12,197,0,5,30,390
10977,66138,33603,15283,29,1563,0,340,556,14764
10979,162,162,0,0,0,0,0,0,0
10980,13942,9360,1490,41,473,0,0,80,2498
10983,5999,4217,60,0,819,0,0,119,784
10984,2789,1432,442,0,66,0,0,0,849
10985,162,162,0,0,0,0,0,0,0
10986,1899,1320,27,0,27,0,0,0,525
10987,3408,2728,174,0,31,0,40,36,399
10988,636,427,10,0,0,0,0,32,167
10989,8689,5690,685,0,872,0,0,272,1170
10990,20307,17587,568,101,425,45,102,259,1220
10992,9360,6845,674,34,129,0,28,23,1627
10993,4803,1399,611,40,188,0,115,73,2377
10994,7396,5780,98,0,580,0,0,112,826
10996,6383,4462,419,26,318,10,8,442,698
10998,3281,2577,24,0,12,0,0,52,616
11001,28021,16324,1535,107,5987,0,106,447,3515
11003,44572,7079,20445,51,5955,13,791,1296,8942
11004,15098,5060,927,76,6489,51,108,604,1783
11005,1759,1691,0,0,42,0,0,0,26
11010,24752,17005,362,157,1974,0,0,236,5018
11020,5774,2407,600,14,2449,0,0,78,226
11021,18245,11934,389,145,4431,0,82,305,959
11023,9301,7723,33,0,950,0,0,89,506
11024,7786,6194,117,0,473,0,0,145,857
11030,18578,13394,170,6,3263,0,43,306,1396
11040,41592,17725,619,89,15743,103,554,874,5885
11042,506,323,124,0,22,0,0,7,30
11050,30357,21338,459,44,3600,6,40,298,4572
11096,8362,2341,1633,0,391,0,40,33,3924
11101,31366,10358,4252,0,7700,49,270,827,7910
11102,29747,13527,2462,23,4718,0,166,743,8108
11103,35995,20863,650,16,4906,40,82,753,8685
11104,25114,10982,329,31,6034,0,56,486,7196
11105,36983,23354,786,12,4192,0,82,914,7643
11106,37690,15701,2565,42,7923,8,356,1110,9985
11109,5980,3525,34,0,1815,0,34,188,384
11201,63378,37298,7809,44,7815,49,162,2937,7264
11203,76085,2837,65687,135,1309,0,162,1070,4885
11204,76395,40269,839,215,24967,10,148,1412,8535
11205,46843,20745,13322,144,2966,4,316,1203,8143
11206,88422,30150,17435,154,5921,45,105,1398,33214
11207,91083,4524,53561,153,1623,63,1332,1016,28811
11208,101313,2747,49533,29,6087,4,772,1032,41109
11209,67782,43607,1926,68,8960,49,126,1470,11576
11210,64665,19346,36782,0,2583,0,733,931,4290
11211,103123,66242,3668,199,5700,22,295,2116,24881
11212,75605,1286,57697,5,831,43,309,916,14518
11213,67056,14719,41067,61,1468,0,192,1595,7954
11214,92644,37917,1369,62,34158,5,403,2151,16579
11215,69873,47251,2722,54,5620,0,610,3136,10480
11216,57786,16386,29689,36,3021,0,217,1956,6481
11217,41813,21270,8038,6,3498,18,233,1726,7024
11218,72413,37962,5355,111,13487,0,450,2603,12445
11219,89371,54475,932,134,21197,0,321,481,11831
11220,93170,12918,1771,69,38527,0,233,1141,38511
11221,83322,14469,35637,159,2890,7,353,1551,28256
11222,36872,27178,1083,61,1594,0,135,1150,5671
11223,81388,42870,3155,190,20457,148,239,2506,11823
11224,45795,23273,9434,72,3404,6,0,1000,8606
11225,56859,14747,33293,60,1577,0,510,1351,5321
11226,99558,12931,64518,149,3055,0,711,1866,16328
11228,44348,21236,460,37,16460,36,67,542,5510
11229,83119,48242,4476,66,18936,43,65,2067,9224
11230,86139,57089,6030,339,11391,27,287,2178,8798
11231,37874,22249,5147,30,2104,303,448,1295,6298
11232,26430,6045,1432,80,4900,18,76,684,13195
11233,79439,6910,57326,89,1488,17,94,1400,12115
11234,93534,34833,40167,123,6723,0,241,1070,10377
11235,78775,57362,1539,72,10744,0,219,2800,6039
11236,100844,4165,84656,93,2597,0,442,1169,7722
11237,48876,9474,3872,129,3298,12,153,884,31054
11238,55210,25250,17638,34,3264,10,412,2582,6020
11239,12772,2593,7209,66,474,0,0,86,2344
11351,0,0,0,0,0,0,0,0,0
11354,53684,8508,1556,46,34296,8,389,881,8000
11355,80987,5842,2225,387,58708,26,329,944,12526
11356,23494,5514,418,0,7475,75,119,443,9450
11357,39407,23240,176,0,9111,14,85,602,6179
11358,36515,12186,148,138,17349,0,152,635,5907
11359,0,0,0,0,0,0,0,0,0
11360,18954,9491,147,23,6975,0,19,291,2008
11361,27201,11123,1139,0,11232,0,28,279,3400
11362,18343,7765,544,0,7647,0,32,414,1941
11363,7096,3488,124,0,2389,0,13,181,901
11364,36215,11902,1089,302,18158,0,0,594,4170
11365,44738,10734,3647,113,19748,15,429,908,9144
11366,14360,5374,770,0,6254,0,0,361,1601
11367,41207,18921,2616,172,11055,0,67,1359,7017
11368,112088,4178,7978,98,13001,0,416,676,85741
11369,31481,2735,4954,55,4126,6,62,338,19205
11370,31580,7744,4179,56,7157,0,40,336,12068
11371,0,0,0,0,0,0,0,0,0
11372,62854,11038,1459,54,13042,0,108,1035,36118
11373,94437,5838,1533,317,45770,10,468,1129,39372
11374,43507,18734,1649,0,13626,0,164,1889,7445
11375,73034,36346,1765,53,20959,0,170,2774,10967
11377,83825,17359,1847,122,30889,0,360,1789,31459
11378,38524,20629,493,82,3938,0,139,539,12704
11379,37991,25310,262,33,4178,0,111,380,7717
11385,107796,48807,1907,33,6969,0,340,1180,48560
11411,20719,223,18834,14,56,0,178,136,1278
11412,37857,380,32660,267,949,91,696,570,2244
11413,41650,645,36967,128,506,57,397,573,2377
11414,28313,19686,585,0,1157,0,153,568,6164
11415,18891,9141,1161,130,3067,15,172,457,4748
11416,26744,3357,1294,0,8820,29,356,838,12050
11417,31321,6066,1908,0,9291,6,1233,1068,11749
11418,38405,5750,2761,242,9035,0,1167,1744,17706
11419,48369,1945,7289,368,16434,33,10662,2529,9109
11420,47470,2386,11320,418,15463,118,3592,2301,11872
11421,41251,6634,1035,64,8103,0,426,634,24355
11422,32761,1031,26597,125,697,0,178,562,3571
11423,30104,2807,11605,85,8629,0,1855,1010,4113
11424,0,0,0,0,0,0,0,0,0
11425,0,0,0,0,0,0,0,0,0
11426,20524,5666,1124,8,8959,0,150,525,4092
11427,24560,4562,4887,147,8238,0,1106,836,4784
11428,18836,2006,3858,27,4870,0,1702,1630,4743
11429,27454,516,19383,179,1231,33,1591,715,3806
11430,206,10,122,0,6,0,0,0,68
11432,64299,8153,9805,333,27246,80,1161,2355,15166
11433,37021,804,23106,17,3580,12,2510,664,6328
11434,64304,1028,53780,8,2000,0,1125,1156,5207
11435,59605,7299,13740,153,13894,6,4163,1654,18696
11436,19167,330,11673,0,1703,0,1666,980,2815
11451,0,0,0,0,0,0,0,0,0
11501,19621,12548,489,10,2367,0,68,273,3866
11507,7225,3996,68,74,2405,0,19,157,506
11509,1920,1750,26,13,21,0,18,13,79
11510,33299,12775,10743,11,1316,37,35,846,7536
11514,4694,3023,134,0,453,0,237,61,786
11516,7372,6661,105,0,133,0,0,28,445
11518,9969,7932,402,0,572,0,0,10,1053
11520,43438,10668,12045,0,588,3,163,1178,18793
11530,28460,24226,496,0,1474,0,59,353,1852
11542,27893,15413,2166,66,1420,0,1089,575,7164
11545,12604,9919,252,0,1054,0,83,124,1172
11547,681,584,0,0,84,0,0,0,13
11548,2922,1618,189,0,767,0,9,77,262
11549,2803,1578,354,0,275,0,0,150,446
11550,57639,4029,24692,150,951,0,251,1107,26459
11552,24908,12472,5456,24,1523,0,47,525,4861
11553,26054,2520,10664,13,401,0,196,379,11881
11554,38029,23554,2324,150,4892,0,211,624,6274
11556,0,0,0,0,0,0,0,0,0
11557,7878,5648,601,0,659,0,25,36,909
11558,8465,5534,130,3,219,0,28,53,2498
11559,8192,6989,103,0,201,0,0,0,899
11560,6669,5782,132,0,150,0,145,37,423
11561,37726,28335,2406,73,1254,0,187,531,4940
11563,21919,15271,649,0,677,0,172,300,4850
11565,8560,6673,455,7,390,0,42,330,663
11566,33331,28057,1102,36,1251,0,23,387,2475
11568,4548,2765,384,3,817,0,22,209,348
11569,1117,1083,0,0,0,0,0,0,34
11570,27234,20166,2673,0,734,0,22,310,3329
11572,29243,23714,295,200,779,0,18,113,4124
11575,17180,320,9866,2,152,0,47,148,6645
11576,12374,9032,131,0,2167,0,351,160,533
11577,12513,8631,360,0,2095,0,16,129,1282
11579,5214,4508,61,0,78,0,0,82,485
11580,42990,9480,13864,20,6190,16,641,1742,11037
11581,21794,9823,4336,1,2936,10,312,765,3611
11590,47245,17476,10128,16,4194,0,741,596,14094
11596,10347,7479,155,14,1684,0,19,204,792
11598,14066,12346,647,0,319,0,0,10,744
11691,68543,15747,30748,0,2166,38,261,1127,18456
11692,22074,2523,12536,41,1167,0,371,296,5140
11693,12944,5772,2376,0,571,0,231,182,3812
11694,21202,15594,1227,158,620,0,185,201,3217
11697,3674,3346,23,0,24,0,32,0,249
11701,28363,9378,10165,133,191,0,113,330,8053
11702,14127,12672,90,1,231,0,27,218,888
11703,16119,10761,1059,28,683,0,32,444,3112
11704,39981,24678,5336,90,1448,0,111,573,7745
11705,7721,6688,175,40,99,0,0,101,618
11706,68401,24038,9774,198,2014,11,863,1168,30335
11709,6735,6224,18,19,85,0,10,131,248
11710,34634,28298,632,0,1645,0,176,377,3506
11713,9295,4496,1896,0,272,0,0,137,2494
11714,22741,17707,122,132,2075,0,23,186,2496
11715,4583,4103,7,0,19,0,0,30,424
11716,9781,8363,238,0,167,0,0,26,987
11717,63492,9733,7721,0,1215,100,472,400,43851
11718,3075,2694,57,0,9,0,59,40,216
11719,3447,2678,252,13,8,5,0,72,419
11720,28454,20787,1071,0,1542,0,154,449,4451
11721,6288,5694,11,0,312,0,0,50,221
11722,31878,7383,7589,43,1141,0,154,569,14999
11724,3175,2537,9,0,352,0,13,96,168
11725,29396,25270,463,0,1396,0,29,376,1862
11726,19481,7185,2770,113,506,0,188,432,8287
11727,29736,17585,4196,0,1557,48,86,539,5725
11729,27252,15265,3424,10,2800,0,64,669,5020
11730,13663,11832,285,0,146,0,30,26,1344
11731,30436,26142,388,0,1408,0,9,374,2115
11732,3751,3199,137,0,73,0,2,151,189
11733,16363,13064,230,7,1689,0,71,211,1091
11735,33893,24719,1390,12,2798,0,69,551,4354
11738,17972,13553,473,0,861,0,6,295,2784
11739,916,831,0,0,0,0,0,3,82
11740,9693,8109,266,0,548,0,0,263,507
11741,26651,21239,891,157,886,35,42,289,3112
11742,12438,9090,631,0,685,0,0,112,1920
11743,41878,33763,2382,30,1285,0,282,827,3309
11746,67863,40877,4138,0,6341,15,1153,977,14362
11747,18288,15313,472,0,1130,16,25,352,980
11749,3341,1589,292,9,358,0,3,78,1012
11751,14314,11703,478,0,162,0,63,192,1716
11752,9656,7614,179,1,312,0,0,121,1429
11753,12857,7943,94,0,4036,0,139,334,311
11754,17946,15786,183,0,704,0,19,197,1057
11755,12598,10276,201,0,675,0,155,161,1130
11756,43446,31325,502,0,3245,0,227,886,7261
11757,44368,32408,1877,77,887,0,10,779,8330
11758,52783,45946,2248,51,825,16,104,248,3345
11762,22358,19825,35,0,457,0,0,282,1759
11763,28579,18621,3247,0,348,0,18,271,6074
11764,12981,11466,65,0,126,0,0,124,1200
11765,782,574,0,0,95,0,11,0,102
11766,11720,9984,92,0,295,0,0,30,1319
11767,14952,12540,259,0,471,0,0,67,1615
11768,21113,19371,236,4,180,0,0,73,1249
11769,8340,7625,140,16,43,0,11,80,425
11770,56,56,0,0,0,0,0,0,0
11771,9150,7350,156,0,401,0,5,82,1156
11772,45991,30939,1655,90,1164,0,92,293,11758
11776,24950,17561,668,0,743,0,73,191,5714
11777,9007,7409,174,0,692,0,0,172,560
11778,12081,10354,123,0,86,0,442,95,981
11779,37837,27552,1354,120,2351,59,220,856,5325
11780,16099,13722,249,0,746,0,5,211,1166
11782,14965,13663,128,0,359,0,0,257,558
11783,21280,19068,74,9,432,0,10,250,1437
11784,25337,18024,1352,16,1489,0,287,554,3615
11786,6359,5214,232,0,279,0,0,126,508
11787,34376,31068,211,6,1255,0,29,325,1482
11788,16583,12527,747,14,1227,0,43,114,1911
11789,8301,7324,30,231,117,0,0,15,584
11790,17304,11376,747,6,3518,10,24,380,1243
11791,26135,16913,195,20,7511,0,105,355,1036
11792,7853,7212,109,0,17,0,6,23,486
11793,30643,26827,103,6,621,0,85,351,2650
11794,3024,901,278,0,1371,0,13,226,235
11795,24775,22496,127,3,405,0,4,133,1607
11796,4160,3730,36,0,84,0,18,42,250
11797,8962,7014,201,0,1424,0,0,35,288
11798,14864,913,8940,84,205,0,215,510,3997
11801,40288,21776,673,14,11057,8,105,918,5737
11803,28520,22255,181,16,4384,0,146,289,1249
11804,4671,3955,16,0,430,0,0,64,206
11901,28387,14545,4757,25,460,0,101,298,8201
11930,882,742,0,0,0,0,0,19,121
11931,39,39,0,0,0,0,0,0,0
11932,1120,634,250,0,27,0,0,14,195
11933,7342,5677,436,0,221,0,0,183,825
11934,7584,6049,274,0,77,0,13,78,1093
11935,3160,3066,20,0,0,0,2,0,72
11937,16137,10613,459,0,450,0,6,79,4530
11939,999,921,16,0,0,0,0,27,35
11940,5532,5010,101,0,105,0,8,132,176
11941,1797,1573,0,0,0,0,0,0,224
11942,5174,4451,22,0,122,0,6,10,563
11944,4287,2969,381,0,26,0,13,67,831
11946,15453,9759,170,0,30,7,0,169,5318
11947,486,486,0,0,0,0,0,0,0
11948,710,519,0,0,0,0,0,0,191
11949,13760,11304,616,0,172,0,38,219,1411
11950,16444,10130,1343,498,113,0,90,276,3994
11951,13015,9489,535,57,184,0,16,343,2391
11952,5010,4768,13,0,0,0,0,4,225
11953,13645,8824,2321,6,261,0,37,180,2016
11954,3685,3201,7,10,10,0,9,61,387
11955,3748,3013,70,24,212,0,0,135,294
11956,250,238,12,0,0,0,0,0,0
11957,835,774,5,12,4,0,0,17,23
11958,768,633,0,0,0,0,0,0,135
11959,545,476,19,0,21,0,0,8,21
11960,706,697,0,0,0,0,0,0,9
11961,12902,10221,874,68,462,0,71,89,1117
11962,324,315,0,0,0,0,0,0,9
11963,7161,5562,379,0,192,0,35,84,909
11964,2413,2025,0,0,76,0,158,0,154
11965,380,364,0,0,16,0,0,0,0
11967,27854,18728,1967,44,1090,0,24,229,5772
11968,10517,8428,273,5,570,0,0,139,1102
11970,212,181,0,0,31,0,0,0,0
11971,6026,5226,12,0,154,0,0,0,634
11972,1096,780,95,0,0,0,0,0,221
11973,40,9,17,0,2,0,0,0,12
11975,272,219,23,0,7,0,0,3,20
11976,1679,1316,3,13,54,0,0,60,233
11977,2176,1982,34,0,39,0,0,0,121
11978,3086,2252,159,37,48,0,3,62,525
11980,5865,4272,376,23,80,0,0,42,1072
12007,9,9,0,0,0,0,0,0,0
12008,668,548,0,3,52,0,0,0,65
12009,7900,7117,189,11,257,0,0,139,187
12010,28152,20700,848,21,161,0,96,347,5979
12015,3026,2645,106,2,112,0,0,15,146
12017,403,381,0,0,8,0,0,0,14
12018,7226,6974,27,0,13,0,0,16,196
12019,14456,13050,205,0,661,27,0,287,226
12020,33563,30102,373,30,849,0,0,533,1676
12022,612,610,0,0,0,0,0,2,0
12023,2187,2076,12,0,15,0,0,17,67
12024,0,0,0,0,0,0,0,0,0
12025,5388,5092,42,70,62,0,0,13,109
12027,3887,3702,26,0,55,0,0,35,69
12028,849,817,0,0,9,0,0,23,0
12029,1156,1044,27,2,0,0,2,0,81
12031,195,181,0,0,0,0,0,0,14
12032,858,743,0,0,97,0,0,18,0
12033,7906,7336,40,0,102,0,69,43,316
12035,722,715,0,0,0,0,0,7,0
12036,295,287,0,0,5,0,0,0,3
12037,4257,3835,241,0,33,0,0,54,94
12040,137,137,0,0,0,0,0,0,0
12041,571,533,0,0,0,0,0,27,11
12042,225,225,0,0,0,0,0,0,0
12043,8129,7355,221,30,37,0,0,142,344
12045,506,477,5,0,0,0,0,0,24
12046,1102,1086,0,0,0,0,0,0,16
12047,21355,17139,1131,80,671,16,0,1220,1098
12051,6383,4171,1291,0,47,0,7,9,858
12052,1611,1580,0,0,0,0,0,31,0
12053,4527,4235,32,0,15,0,0,44,201
12054,16940,15396,378,0,581,0,57,124,404
12056,2847,2604,4,0,0,0,0,0,239
12057,1942,1883,0,10,26,0,0,0,23
12058,1394,1238,37,0,23,0,0,11,85
12059,1682,1662,5,0,15,0,0,0,0
12060,1414,1406,0,3,2,0,0,3,0
12061,9656,8754,150,21,501,0,10,74,146
12062,1546,1526,0,0,10,0,0,4,6
12063,524,524,0,0,0,0,0,0,0
12064,341,266,48,11,0,0,0,5,11
12065,42701,35200,1388,108,2535,0,180,1205,2085
12066,1623,1578,4,0,9,0,0,4,28
12067,1519,1491,0,0,0,0,0,9,19
12068,3238,2855,3,0,0,0,0,60,320
12069,203,203,0,0,0,0,0,0,0
12070,1669,1584,13,0,23,0,0,0,49
12071,346,346,0,0,0,0,0,0,0
12072,3097,2786,55,0,9,0,0,107,140
12074,3046,2830,17,0,61,0,3,11,124
12075,2959,2637,55,0,0,0,0,46,221
12076,1308,1187,6,0,10,0,0,12,93
12077,6745,5655,212,5,402,0,0,208,263
12078,23419,21535,305,153,185,7,0,306,928
12083,3939,3685,17,0,15,0,56,26,140
12084,5005,3186,210,0,1306,0,0,16,287
12085,424,333,37,0,0,0,0,41,13
12086,1453,1402,0,0,0,0,0,3,48
12087,1109,1109,0,0,0,0,0,0,0
12089,64,64,0,0,0,0,0,0,0
12090,6350,5982,0,8,8,0,0,50,302
12092,752,701,0,0,0,0,0,45,6
12093,1545,1499,2,0,1,0,0,11,32
12094,2398,2197,30,0,0,0,0,0,171
12095,12046,10802,605,0,39,0,0,166,434
12106,2333,2249,0,0,0,0,0,2,82
12108,393,387,2,0,0,0,0,0,4
12110,21665,16955,1070,0,1798,43,60,423,1316
12115,61,61,0,0,0,0,0,0,0
12116,1712,1681,0,0,0,0,0,14,17
12117,3133,3096,4,0,0,0,0,14,19
12118,15508,14206,164,63,594,0,0,257,224
12120,683,649,9,0,0,0,0,0,25
12121,1972,1710,33,0,5,0,0,14,210
12122,4170,3853,24,0,50,0,0,89,154
12123,5398,4982,131,1,0,0,1,237,46
12124,711,601,2,0,0,0,0,0,108
12125,1483,1443,0,0,13,0,0,0,27
12130,720,720,0,0,0,0,0,0,0
12131,91,89,0,0,0,0,0,0,2
12132,297,273,0,5,0,0,0,19,0
12134,4059,3919,11,0,9,2,0,49,69
12136,732,673,19,0,0,0,0,28,12
12137,1764,1645,20,0,50,0,0,0,49
12138,3218,3048,16,0,7,0,0,30,117
12139,146,144,0,0,0,0,0,2,0
12140,1690,1634,17,7,0,0,0,30,2
12143,4728,4501,160,0,0,0,0,40,27
12144,20205,16654,824,46,783,0,8,909,981
12147,487,480,5,0,0,0,0,2,0
12148,4333,3783,45,0,198,0,0,98,209
12149,2423,2288,55,12,28,7,0,18,15
12150,916,828,0,0,0,0,0,0,88
12151,911,876,5,0,6,0,0,18,6
12153,993,918,0,0,30,0,0,45,0
12154,2901,2799,19,1,4,0,0,52,26
12155,2119,2007,3,0,2,0,0,59,48
12156,1053,1018,0,0,0,0,0,10,25
12157,4417,4139,100,0,21,0,0,22,135
12158,6945,6277,159,0,264,0,0,69,176
12159,7870,6807,113,9,535,0,17,190,199
12160,962,895,6,3,9,0,0,8,41
12161,191,191,0,0,0,0,0,0,0
12164,387,373,14,0,0,0,0,0,0
12165,161,161,0,0,0,0,0,0,0
12166,1148,1125,0,1,5,0,0,9,8
12167,2678,2537,18,0,36,0,0,12,75
12168,2033,2033,0,0,0,0,0,0,0
12169,252,246,0,0,0,0,0,6,0
12170,4958,4689,16,7,3,0,0,83,160
12172,296,296,0,0,0,0,0,0,0
12173,1999,1795,23,0,0,0,6,57,118
12174,375,313,0,0,0,0,0,23,39
12175,528,492,2,0,24,0,0,0,10
12176,451,420,0,0,10,0,0,8,13
12177,281,265,0,0,16,0,0,0,0
12180,53464,37589,6602,21,2556,0,40,2304,4352
12182,14432,11186,1583,8,106,0,222,613,714
12183,2592,2185,134,0,40,0,0,75,158
12184,6840,5998,163,17,30,0,4,161,467
12185,2006,1985,0,0,5,2,0,6,8
12186,6193,5906,32,0,79,0,0,92,84
12187,513,508,0,0,0,0,0,0,5
12188,11415,10564,69,55,192,0,81,73,381
12189,17290,12245,1241,22,1550,0,99,864,1269
12190,821,818,3,0,0,0,0,0,0
12192,1867,1687,3,0,0,0,0,22,155
12193,1855,1845,0,0,10,0,0,0,0
12194,156,153,0,0,0,0,0,3,0
12195,113,113,0,0,0,0,0,0,0
12196,3522,3414,47,0,0,0,0,5,56
12197,1880,1665,20,0,0,0,0,95,100
12198,7871,7373,0,0,130,0,19,139,210
12202,8342,2125,4613,6,331,0,10,407,850
12203,30010,22687,2687,14,2074,11,65,776,1696
12204,8318,3136,2665,0,945,50,16,809,697
12205,26941,21251,1437,43,2383,0,21,806,1000
12206,16480,3994,7159,54,1233,0,125,1406,2509
12207,2202,614,1259,0,48,0,0,129,152
12208,21666,15144,2176,8,2054,0,130,841,1313
12209,9978,4629,2221,0,1018,0,75,483,1552
12210,9583,3865,4110,0,271,0,21,545,771
12211,10990,8991,303,10,1031,0,0,329,326
12222,6198,3466,918,0,434,0,34,163,1183
12302,27377,25027,383,14,226,10,43,512,1162
12303,28488,19689,2679,0,1472,38,955,1301,2354
12304,22230,12342,3637,155,1211,0,1024,1477,2384
12305,5519,3687,1087,47,138,0,0,204,356
12306,26799,21871,1738,17,606,0,355,892,1320
12307,7031,2011,2343,7,321,0,558,607,1184
12308,14699,8607,2473,69,966,36,438,758,1352
12309,30007,24957,921,23,2582,0,11,699,814
12401,35192,24470,3846,31,909,7,67,1274,4588
12404,3334,2821,70,8,66,0,0,114,255
12405,633,587,0,0,21,0,0,0,25
12406,947,656,0,10,8,0,0,4,269
12407,165,139,4,0,10,0,0,0,12
12409,703,654,3,0,32,0,0,0,14
12410,370,352,0,0,0,0,7,0,11
12411,353,278,0,0,0,0,0,75,0
12412,473,415,0,0,32,0,0,26,0
12413,2813,2359,18,0,22,0,0,143,271
12414,9979,8021,982,190,116,3,0,79,588
12416,341,133,0,0,0,0,0,14,194
12417,421,262,28,0,0,0,0,131,0
12418,567,530,26,0,0,0,0,11,0
12419,624,592,8,0,0,0,0,7,17
12420,242,242,0,0,0,0,0,0,0
12421,236,236,0,0,0,0,0,0,0
12422,353,353,0,0,0,0,0,0,0
12423,1050,937,52,0,14,0,10,0,37
12424,239,237,0,0,0,0,0,0,2
12427,600,570,0,0,13,0,0,0,17
12428,6885,3987,468,10,254,0,71,322,1773
12429,324,324,0,0,0,0,0,0,0
12430,1119,881,0,0,35,0,58,34,111
12431,1120,1072,0,0,0,0,0,0,48
12432,225,217,0,0,0,0,0,0,8
12433,579,579,0,0,0,0,0,0,0
12434,842,831,0,0,0,0,0,11,0
12435,250,245,0,0,0,0,0,0,5
12436,94,94,0,0,0,0,0,0,0
12438,31,8,0,0,14,0,0,9,0
12439,348,348,0,0,0,0,0,0,0
12440,1997,1725,154,5,31,0,0,20,62
12441,83,83,0,0,0,0,0,0,0
12442,675,669,0,0,0,0,0,0,6
12443,3317,2963,70,9,14,0,0,43,218
12444,567,542,0,18,1,0,0,0,6
12446,5063,4081,142,11,4,0,24,410,391
12448,413,413,0,0,0,0,0,0,0
12449,3436,2499,289,0,48,0,0,206,394
12450,181,181,0,0,0,0,0,0,0
12451,1531,1374,5,0,0,0,0,0,152
12452,275,275,0,0,0,0,0,0,0
12453,222,84,0,0,0,0,0,21,117
12454,366,366,0,0,0,0,0,0,0
12455,1755,1581,13,0,21,0,0,33,107
12456,1123,952,34,0,0,0,0,0,137
12457,1070,983,9,0,13,0,0,65,0
12458,2778,1751,360,4,35,0,3,113,512
12459,213,213,0,0,0,0,0,0,0
12460,416,394,0,0,0,0,0,0,22
12461,1654,1229,1,0,97,95,0,29,203
12463,1895,1438,17,13,30,0,0,298,99
12464,792,788,0,0,0,0,0,0,4
12465,206,199,0,0,0,0,0,0,7
12466,2241,1987,2,0,52,0,103,35,62
12468,998,961,0,0,5,0,0,32,0
12469,607,582,0,0,0,0,0,5,20
12470,512,512,0,0,0,0,0,0,0
12471,281,266,0,0,0,0,0,0,15
12472,1464,1288,42,0,24,0,0,37,73
12473,726,723,0,0,0,0,0,0,3
12474,1035,985,38,0,0,0,0,0,12
12475,339,287,0,0,0,0,0,42,10
12477,18060,16439,166,44,71,0,9,419,912
12480,588,521,0,0,12,0,0,17,38
12481,1650,1566,0,24,21,0,0,39,0
12482,196,134,0,0,0,0,0,43,19
12483,267,267,0,0,0,0,0,0,0
12484,2612,2179,0,0,225,0,0,144,64
12485,1256,1239,0,0,17,0,0,0,0
12486,1623,1430,47,0,23,0,0,23,100
12487,3370,2936,31,0,7,0,0,111,285
12489,1149,392,316,0,6,0,0,43,392
12490,27,27,0,0,0,0,0,0,0
12491,1478,1317,6,0,0,0,0,105,50
12492,140,126,0,0,0,0,0,0,14
12493,128,73,6,0,0,0,6,4,39
12494,519,482,24,0,0,0,0,0,13
12495,131,101,0,0,15,0,0,0,15
12496,1456,1399,0,0,6,0,0,24,27
12498,5045,4443,185,0,152,0,0,124,141
12501,2645,1911,77,0,14,0,25,60,558
12502,1138,1047,37,0,19,0,0,21,14
12503,573,479,22,0,10,0,0,0,62
12504,1494,1010,68,15,183,0,0,73,145
12507,250,213,14,0,15,0,0,0,8
12508,19825,11846,3002,97,394,13,0,690,3783
12512,151,151,0,0,0,0,0,0,0
12513,295,295,0,0,0,0,0,0,0
12514,2807,2472,66,0,113,0,0,30,126
12515,1453,1048,63,0,0,0,36,0,306
12516,1747,1624,0,0,38,0,0,55,30
12517,501,394,0,0,0,0,0,62,45
12518,5732,4814,124,0,123,0,1,48,622
12520,2932,2619,13,0,63,19,0,0,218
12521,1349,1297,1,0,8,0,6,18,19
12522,4659,3819,13,0,57,0,0,5,765
12523,1626,1493,21,0,17,0,0,32,63
12524,15934,10833,1476,28,1107,0,19,260,2211
12525,2956,2756,0,0,0,0,71,62,67
12526,3622,3299,32,0,34,0,18,88,151
12527,0,0,0,0,0,0,0,0,0
12528,12797,10520,576,2,199,0,48,270,1182
12529,2453,2316,0,3,0,0,0,21,113
12530,61,61,0,0,0,0,0,0,0
12531,3171,2901,22,0,38,0,0,172,38
12533,25426,20081,1244,49,1116,0,69,696,2171
12534,18007,13361,1915,4,796,0,96,749,1086
12538,14081,10416,926,31,686,8,14,249,1751
12540,8248,6889,215,5,323,0,11,104,701
12542,5622,4808,211,0,93,0,0,100,410
12543,3535,2352,496,16,30,0,0,7,634
12545,4674,3849,248,10,101,0,4,71,391
12546,2885,2336,98,0,67,0,0,43,341
12547,2855,2599,47,0,20,0,0,38,151
12548,1306,1020,135,0,0,0,0,0,151
12549,10915,8602,682,0,111,0,0,262,1258
12550,55149,22197,10673,94,1122,0,283,1348,19432
12553,26674,15245,3337,12,1287,29,57,557,6150
12561,18713,15175,750,29,578,0,80,230,1871
12563,8431,5966,661,47,146,18,13,69,1511
12564,7549,5738,297,0,146,5,0,142,1221
12565,1123,1004,24,0,19,0,0,38,38
12566,11571,9862,446,0,0,0,40,115,1108
12567,2633,2467,14,0,21,14,11,8,98
12569,10047,8417,300,0,161,0,87,363,719
12570,6827,5760,276,0,133,0,0,35,623
12571,9984,8702,303,0,236,0,13,173,557
12572,8892,7867,206,0,238,0,26,84,471
12574,388,311,0,0,44,0,0,0,33
12575,2308,1333,226,0,0,0,0,0,749
12577,1783,1467,172,0,0,0,14,47,83
12578,2123,1955,18,0,44,0,0,93,13
12580,4479,3860,117,0,55,4,0,174,269
12581,2358,2031,1,0,36,0,0,0,290
12582,6423,4141,1140,0,124,0,223,100,695
12583,2269,2073,8,0,49,0,0,14,125
12585,879,731,136,2,10,0,0,0,0
12586,12246,8862,1030,0,107,8,65,81,2093
12589,16882,11053,1793,0,342,0,128,380,3186
12590,34910,24661,1959,30,1886,2,237,613,5522
12592,1453,1167,86,0,23,0,0,0,177
12594,4332,3241,200,0,13,0,0,10,868
12601,41392,20392,11433,81,949,5,228,2124,6180
12603,42540,29705,4814,81,1861,56,87,913,5023
12604,591,346,40,0,113,0,0,52,40
12701,11526,4879,2143,65,335,0,0,364,3740
12719,1145,1050,35,6,9,0,0,0,45
12720,158,92,0,0,0,0,0,0,66
12721,6387,5001,68,216,59,0,0,140,903
12722,85,85,0,0,0,0,0,0,0
12723,1625,1155,160,5,22,0,0,57,226
12724,255,225,0,0,7,0,0,23,0
12725,119,106,0,0,3,0,0,0,10
12726,1222,995,78,0,2,0,0,50,97
12729,1797,1304,332,0,22,0,0,11,128
12732,516,489,0,0,3,0,0,0,24
12733,1367,814,177,6,36,0,1,47,286
12734,890,662,0,0,0,0,0,0,228
12736,46,46,0,0,0,0,0,0,0
12737,1963,1682,29,0,31,0,0,57,164
12738,304,292,0,0,0,0,0,0,12
12740,2035,1761,69,0,0,0,0,14,191
12741,214,205,3,0,0,0,0,0,6
12742,102,73,0,0,0,0,0,0,29
12743,420,399,3,0,3,0,0,5,10
12745,100,95,0,0,0,0,0,5,0
12746,948,847,0,0,50,0,0,18,33
12747,2035,1295,103,0,293,0,0,111,233
12748,2215,1938,25,0,23,0,7,27,195
12749,227,206,0,0,0,0,0,0,21
12750,326,309,16,1,0,0,0,0,0
12751,1152,727,92,0,23,0,0,92,218
12752,270,263,7,0,0,0,0,0,0
12754,6602,4183,768,0,84,0,100,32,1435
12758,3835,2913,80,0,26,0,236,437,143
12759,2058,1298,170,0,6,0,0,13,571
12760,514,421,0,0,0,0,0,5,88
12762,545,498,0,0,0,0,0,0,47
12763,628,504,8,0,0,0,0,14,102
12764,1650,1465,51,12,49,0,0,25,48
12765,951,919,5,0,0,0,0,12,15
12766,364,364,0,0,0,0,0,0,0
12767,140,130,0,0,0,0,0,0,10
12768,867,641,0,8,0,0,0,0,218
12769,332,273,59,0,0,0,0,0,0
12770,246,200,0,0,6,0,0,0,40
12771,14788,11256,614,62,557,0,18,459,1822
12775,1845,1351,194,0,74,0,0,42,184
12776,2078,1722,22,4,5,0,0,48,277
12777,1005,927,25,3,5,0,0,2,43
12778,627,599,0,0,17,0,0,11,0
12779,1930,944,334,0,0,0,0,0,652
12780,2206,2004,65,0,0,0,0,73,64
12781,278,120,41,0,0,0,0,0,117
12783,2048,1610,125,17,24,0,0,18,254
12784,44,17,27,0,0,0,0,0,0
12785,953,743,67,0,12,0,0,15,116
12786,354,344,0,0,0,0,0,0,10
12787,322,313,0,0,9,0,0,0,0
12788,2980,1842,437,4,14,0,0,167,516
12789,2081,1401,133,0,0,0,0,185,362
12790,4058,3486,103,0,62,0,0,35,372
12791,523,439,28,0,22,0,0,34,0
12792,272,270,0,0,2,0,0,0,0
12801,14358,12847,192,8,202,36,0,334,739
12803,8357,8080,1,46,0,0,0,107,123
12804,26187,24674,322,149,348,0,18,119,557
12808,269,257,0,0,0,0,0,12,0
12809,3612,3521,9,12,8,0,11,23,28
12810,671,651,6,0,0,0,0,3,11
12811,91,85,0,0,0,0,0,6,0
12812,143,143,0,0,0,0,0,0,0
12814,1284,1165,61,0,0,0,10,0,48
12815,1065,1013,0,0,0,0,0,43,9
12816,4371,4083,69,13,71,0,0,38,97
12817,1905,1879,3,0,10,0,0,0,13
12819,269,260,0,0,0,0,0,9,0
12821,2869,825,1228,12,15,0,0,56,733
12822,6060,5829,42,0,0,0,0,102,87
12823,227,227,0,0,0,0,0,0,0
12824,1036,1006,11,0,0,0,0,0,19
12827,3622,3383,80,0,58,7,0,49,45
12828,9481,9324,11,7,0,0,0,100,39
12831,16517,15652,120,0,125,0,26,117,477
12832,6502,6243,0,54,79,0,0,68,58
12833,4134,3839,22,21,52,0,0,143,57
12834,6665,6439,20,0,67,0,0,63,76
12835,2456,2354,18,0,0,0,0,62,22
12836,582,565,0,0,0,0,0,2,15
12837,1142,1136,0,0,0,0,0,4,2
12838,555,552,0,0,0,0,0,3,0
12839,12838,11755,257,67,24,0,15,253,467
12841,165,165,0,0,0,0,0,0,0
12842,797,762,3,0,3,0,0,29,0
12843,547,522,0,0,0,0,0,20,5
12844,250,233,11,0,0,0,0,0,6
12845,4570,4272,66,15,40,0,0,53,124
12846,3249,3206,11,0,0,0,0,7,25
12847,375,344,14,5,0,0,0,0,12
12849,297,283,2,0,0,0,0,0,12
12850,2887,2781,41,0,9,0,0,19,37
12851,394,386,0,0,0,0,0,8,0
12852,375,356,2,2,2,0,0,9,4
12853,1836,1701,10,0,26,0,0,70,29
12855,210,204,0,0,0,0,2,0,4
12856,218,218,0,0,0,0,0,0,0
12857,685,682,0,0,0,0,0,0,3
12858,116,116,0,0,0,0,0,0,0
12859,2617,2602,0,0,0,0,0,0,15
12860,526,502,4,0,4,0,0,16,0
12861,627,611,0,0,6,0,0,9,1
12862,0,0,0,0,0,0,0,0,0
12863,835,835,0,0,0,0,0,0,0
12864,22,22,0,0,0,0,0,0,0
12865,3551,3426,26,9,8,0,11,26,45
12866,39689,35671,870,45,1318,0,37,568,1180
12870,1816,1805,2,1,0,0,0,6,2
12871,4418,4229,51,0,18,0,0,19,101
12872,40,40,0,0,0,0,0,0,0
12873,863,839,2,0,0,0,0,0,22
12874,156,153,0,0,0,0,0,3,0
12878,624,596,16,0,0,0,0,0,12
12883,4845,4743,14,0,22,0,0,55,11
12884,585,554,12,0,0,0,0,2,17
12885,4410,4262,67,0,3,0,0,38,40
12886,244,244,0,0,0,0,0,0,0
12887,4745,4634,8,6,0,0,15,40,42
12901,33312,30129,1015,78,748,12,81,522,727
12903,1283,1150,22,0,51,0,0,44,16
12910,2183,1718,223,3,21,0,0,70,148
12911,0,0,0,0,0,0,0,0,0
12912,2209,2166,0,0,0,0,0,30,13
12913,1104,1092,0,0,0,0,0,7,5
12914,928,786,0,105,4,0,0,33,0
12916,2108,1994,15,53,3,0,0,37,6
12917,1378,1260,48,0,1,0,0,12,57
12918,2210,2066,22,28,0,0,0,0,94
12919,2974,2923,0,6,12,0,6,4,23
12920,2285,2196,19,3,5,0,5,10,47
12921,2734,2568,7,0,13,0,76,27,43
12922,33,32,1,0,0,0,0,0,0
12923,562,546,5,0,3,0,0,8,0
12924,97,97,0,0,0,0,0,0,0
12926,2304,2164,17,68,0,0,0,9,46
12927,254,254,0,0,0,0,0,0,0
12928,1988,1923,2,4,1,0,0,0,58
12929,3982,1539,1693,0,8,0,20,4,718
12930,748,661,0,0,7,18,0,47,15
12932,1157,1076,19,0,0,0,3,13,46
12933,59,44,0,0,0,0,0,0,15
12934,1007,993,0,0,9,0,0,3,2
12935,1551,1496,5,0,0,0,0,34,16
12936,439,438,1,0,0,0,0,0,0
12937,2014,1237,74,435,2,0,20,208,38
12939,223,223,0,0,0,0,0,0,0
12941,1242,1192,12,1,0,0,0,6,31
12942,837,794,0,0,1,0,21,11,10
12943,358,352,0,0,0,0,0,6,0
12944,3764,3587,26,26,1,3,0,29,92
12945,492,492,0,0,0,0,0,0,0
12946,4746,4490,66,11,23,4,0,7,145
12950,706,648,34,3,0,0,0,15,6
12952,448,236,183,9,11,0,7,0,2
12953,15374,11973,2218,20,84,2,13,26,1038
12955,334,321,0,0,0,0,0,13,0
12956,1538,1396,93,0,0,0,0,8,41
12957,1723,1701,0,22,0,0,0,0,0
12958,1881,1807,0,0,0,0,0,17,57
12959,1454,1449,0,0,0,0,0,0,5
12960,857,835,3,19,0,0,0,0,0
12961,264,182,0,0,0,0,54,0,28
12962,5256,5044,30,8,117,0,0,36,21
12964,148,129,0,0,16,0,0,3,0
12965,498,485,0,0,11,0,0,0,2
12966,2858,2718,0,50,7,0,3,5,75
12967,1094,1050,3,6,3,0,0,0,32
12969,421,366,0,9,0,0,0,39,7
12970,935,802,69,13,33,0,0,2,16
12972,5983,5720,36,0,62,0,2,27,136
12973,104,104,0,0,0,0,0,0,0
12974,1529,1408,7,18,0,0,3,58,35
12975,264,262,0,0,2,0,0,0,0
12976,225,203,0,0,0,2,0,4,16
12977,1874,500,789,0,0,0,10,63,512
12978,328,302,0,0,0,0,0,0,26
12979,2356,2260,8,10,26,3,4,32,13
12980,1321,1300,0,6,0,0,0,12,3
12981,2341,2282,0,0,31,0,0,0,28
12983,7463,6805,301,96,0,0,8,31,222
12985,1328,1195,0,53,0,0,0,32,48
12986,5941,5479,97,20,18,0,0,75,252
12987,198,196,0,0,0,0,0,2,0
12989,998,966,0,0,12,5,0,15,0
12992,4197,3983,7,0,21,0,0,55,131
12993,1330,1306,8,2,2,0,0,12,0
12996,2119,1954,5,2,9,0,19,39,91
12997,1069,994,2,16,3,0,0,33,21
12998,390,305,0,12,21,0,0,52,0
13020,99,99,0,0,0,0,0,0,0
13021,37841,33785,1512,35,271,0,43,1197,998
13024,1709,321,1033,7,0,0,0,8,340
13026,1677,1425,21,12,13,0,0,35,171
13027,33049,30885,488,69,291,0,16,470,830
13028,1229,1196,0,0,0,0,0,33,0
13029,7168,6857,0,0,127,0,0,67,117
13030,3518,3407,0,0,5,0,0,98,8
13031,15080,13919,208,11,360,0,8,240,334
13032,12208,11660,32,134,18,0,0,333,31
13033,3774,3695,7,0,4,0,6,46,16
13034,2021,1934,12,2,14,5,2,25,27
13035,8422,7814,206,39,84,0,22,24,233
13036,9064,8794,86,22,16,0,0,58,88
13037,9787,9162,152,70,6,0,0,99,298
13039,17028,16057,285,25,268,0,0,200,193
13040,2337,2175,11,18,2,0,0,34,97
13041,11409,9638,958,18,231,0,0,229,335
13042,2224,2213,0,0,1,0,0,10,0
13044,2595,2541,0,0,0,0,0,54,0
13045,28916,26214,849,28,260,0,25,630,910
13051,157,157,0,0,0,0,0,0,0
13052,1541,1513,5,6,4,0,0,5,8
13053,5006,4492,140,5,120,0,14,79,156
13054,1775,1753,0,0,0,0,0,22,0
13057,13643,12621,109,15,315,9,75,216,283
13060,2912,2682,9,6,35,0,0,127,53
13061,1087,1006,59,0,0,0,0,0,22
13062,41,41,0,0,0,0,0,0,0
13063,1934,1744,0,8,30,0,0,0,152
13064,165,165,0,0,0,0,0,0,0
13066,12525,11021,266,0,327,0,15,612,284
13068,5231,4816,67,7,47,0,0,168,126
13069,24166,22636,194,56,55,0,0,341,884
13071,949,879,0,2,7,0,0,3,58
13072,819,781,0,26,0,0,12,0,0
13073,6534,5897,99,10,102,0,0,163,263
13074,4050,3995,1,4,9,0,0,21,20
13076,2397,2252,0,0,20,0,0,61,64
13077,7015,6825,3,0,80,0,0,49,58
13078,10889,8652,559,78,1038,0,7,384,171
13080,3210,3040,5,15,0,0,0,46,104
13081,1102,1055,0,0,0,0,0,1,46
13082,4258,4159,3,21,43,0,0,23,9
13083,2029,2001,2,0,5,0,0,15,6
13084,3659,3493,39,34,0,4,0,78,11
13087,134,134,0,0,0,0,0,0,0
13088,21917,19539,754,23,456,0,37,585,523
13090,29869,25253,1472,63,784,10,14,1231,1042
13092,2626,2512,0,3,0,0,0,4,107
13101,2311,2161,9,0,0,0,0,60,81
13102,47,47,0,0,0,0,0,0,0
13103,213,203,0,0,3,0,0,7,0
13104,16052,14040,140,38,1221,0,14,269,330
13108,6095,5806,33,0,65,0,0,72,119
13110,2081,2035,0,0,6,0,0,21,19
13111,1706,1688,0,0,0,0,0,18,0
13112,1673,1666,7,0,0,0,0,0,0
13113,294,292,0,2,0,0,0,0,0
13114,6350,6115,46,3,42,0,17,101,26
13115,212,206,0,0,0,0,0,6,0
13116,3468,2798,123,0,20,0,0,62,465
13117,287,284,0,3,0,0,0,0,0
13118,6159,5357,520,0,28,0,6,108,140
13120,2109,1345,387,247,43,0,0,25,62
13122,1239,1230,9,0,0,0,0,0,0
13123,451,451,0,0,0,0,0,0,0
13124,83,81,0,0,0,0,0,0,2
13126,35833,32167,713,34,469,10,43,726,1671
13131,3611,3449,16,1,42,0,0,60,43
13132,3541,3343,37,0,58,0,0,40,63
13134,216,193,0,0,0,0,0,23,0
13135,6392,6025,1,16,52,0,0,92,206
13136,417,412,0,0,0,0,0,0,5
13138,56,56,0,0,0,0,0,0,0
13140,4571,4333,10,0,17,0,11,57,143
13141,616,616,0,0,0,0,0,0,0
13142,6522,6384,18,0,3,0,0,92,25
13143,2681,2511,103,0,24,0,0,14,29
13144,1774,1702,15,3,0,0,0,8,46
13145,1457,1430,5,0,0,1,0,21,0
13146,2462,2128,22,17,9,0,10,132,144
13147,1104,1008,0,0,0,0,0,0,96
13148,10535,9639,254,65,206,0,2,74,295
13152,8025,7749,10,25,27,16,0,59,139
13153,408,408,0,0,0,0,0,0,0
13155,497,472,0,0,0,0,0,2,23
13156,1870,1849,10,3,0,0,0,8,0
13157,603,547,24,0,0,0,0,32,0
13158,1569,1521,0,0,3,0,0,5,40
13159,5290,5122,34,48,28,0,0,45,13
13160,1812,1683,13,2,6,0,0,31,77
13162,215,215,0,0,0,0,0,0,0
13163,468,415,41,5,0,0,0,0,7
13164,2797,2635,0,0,71,0,0,58,33
13165,10376,9634,113,25,55,0,0,210,339
13166,5616,5423,27,3,48,0,0,54,61
13167,3067,2979,0,0,14,0,0,74,0
13202,6787,2121,3215,62,385,0,60,251,693
13203,16513,8915,3137,330,1315,8,75,1132,1601
13204,18741,9219,4950,202,230,0,43,792,3305
13205,17212,6312,8048,241,448,2,33,869,1259
13206,16723,11437,2740,232,527,10,65,704,1008
13207,12597,5982,5036,98,155,0,41,418,867
13208,22833,10781,5502,16,3365,22,117,1076,1954
13209,12713,10796,403,21,89,14,0,779,611
13210,27916,15956,5485,162,3066,0,49,1002,2196
13211,5861,5040,104,0,80,0,0,213,424
13212,21269,18611,868,65,364,0,0,622,739
13214,8439,6161,963,41,474,0,111,122,567
13215,14952,13159,545,53,260,0,0,422,513
13219,15107,13573,538,35,231,0,39,240,451
13224,8369,4392,2651,32,222,0,0,272,800
13290,0,0,0,0,0,0,0,0,0
13301,168,168,0,0,0,0,0,0,0
13302,1826,1765,1,5,2,0,2,27,24
13303,1065,1041,0,0,0,0,0,5,19
13304,1617,1539,5,0,19,0,0,38,16
13305,220,220,0,0,0,0,0,0,0
13308,3543,3467,0,12,9,0,0,55,0
13309,5748,5495,22,11,25,6,0,98,91
13310,553,553,0,0,0,0,0,0,0
13312,391,374,0,0,0,0,0,4,13
13313,425,412,0,0,0,0,0,0,13
13314,325,325,0,0,0,0,0,0,0
13315,1481,1435,0,0,16,0,0,15,15
13316,6000,5839,29,12,14,0,0,46,60
13317,3926,3657,10,47,27,0,11,93,81
13318,1443,1438,0,2,0,0,0,0,3
13319,561,561,0,0,0,0,0,0,0
13320,2037,2001,5,0,0,0,0,3,28
13321,819,767,0,0,27,0,0,0,25
13322,870,838,9,0,0,0,0,5,18
13323,11282,9999,235,21,231,16,52,243,485
13324,2351,2306,14,4,4,0,0,12,11
13325,1059,1040,0,0,0,0,0,0,19
13326,5419,4744,137,0,191,0,53,151,143
13327,2038,2001,0,1,20,0,0,0,16
13328,1526,1506,5,0,0,0,0,7,8
13329,4227,3931,7,31,8,0,0,73,177
13331,133,133,0,0,0,0,0,0,0
13332,2782,2671,4,20,1,0,20,33,33
13333,34,34,0,0,0,0,0,0,0
13334,1065,1061,0,0,0,0,0,4,0
13335,1370,1271,36,0,17,0,4,8,34
13337,662,611,0,0,15,0,0,0,36
13338,1110,1063,11,19,0,0,6,11,0
13339,6528,5983,16,0,18,0,0,225,286
13340,8097,7770,63,0,4,14,31,93,122
13341,166,162,0,0,4,0,0,0,0
13342,209,209,0,0,0,0,0,0,0
13343,1675,1665,0,0,0,0,0,0,10
13345,130,116,14,0,0,0,0,0,0
13346,6241,5040,256,0,368,0,0,170,407
13348,1411,1343,27,0,5,0,0,23,13
13350,9786,9100,158,31,91,0,22,203,181
13352,11,11,0,0,0,0,0,0,0
13353,13,13,0,0,0,0,0,0,0
13354,3811,3755,0,0,4,0,0,34,18
13355,941,926,0,0,0,0,0,15,0
13357,10786,9838,172,6,152,0,0,191,427
13360,133,133,0,0,0,0,0,0,0
13361,802,761,4,0,4,0,0,6,27
13362,150,150,0,0,0,0,0,0,0
13363,2453,2395,40,0,0,0,0,0,18
13364,89,89,0,0,0,0,0,0,0
13365,8339,7971,45,6,16,0,0,29,272
13367,8767,8264,95,58,43,24,0,60,223
13368,1062,1025,11,0,0,0,0,26,0
13402,1659,1613,3,0,6,0,1,0,36
13403,7302,5804,765,24,24,0,11,55,619
13404,124,124,0,0,0,0,0,0,0
13406,721,711,0,0,6,0,0,4,0
13407,5023,4662,106,0,69,0,0,120,66
13408,3845,3235,301,0,96,0,15,50,148
13409,2437,2232,53,6,0,0,0,53,93
13410,291,286,0,0,0,0,0,0,5
13411,3152,3033,0,6,18,0,0,38,57
13413,15777,14237,228,51,598,11,6,225,421
13415,73,66,0,0,0,0,0,0,7
13416,2189,2130,8,0,0,0,0,42,9
13417,3362,3125,0,0,82,0,0,116,39
13418,345,340,0,0,0,0,5,0,0
13420,864,802,37,0,0,0,0,0,25
13421,13149,12202,195,38,57,79,0,220,358
13424,2338,2043,151,0,39,0,0,18,87
13425,2318,2214,53,0,19,0,3,18,11
13428,1615,1507,16,0,40,0,0,16,36
13431,1811,1703,5,45,0,0,0,36,22
13433,1791,1769,6,0,1,0,0,0,15
13435,393,307,69,0,2,0,0,15,0
13436,74,70,0,0,0,0,0,0,4
13437,382,382,0,0,0,0,0,0,0
13438,3392,3308,27,0,2,0,0,16,39
13439,3518,3400,17,4,18,0,0,5,74
13440,41014,35160,2183,19,494,0,28,783,2347
13441,184,118,53,0,0,0,0,0,13
13450,35,35,0,0,0,0,0,0,0
13452,4618,4421,53,4,27,0,13,15,85
13454,661,632,0,0,0,0,0,28,1
13456,4005,3842,10,17,66,0,4,29,37
13459,2557,2360,2,3,84,0,1,25,82
13460,4414,4133,22,5,15,0,0,155,84
13461,3000,2797,43,3,12,0,0,17,128
13464,1373,1331,17,0,0,0,0,6,19
13468,486,477,0,0,0,0,0,0,9
13469,1131,1119,12,0,0,0,0,0,0
13470,517,471,9,0,5,0,0,0,32
13471,3291,3179,19,0,8,0,0,53,32
13472,68,68,0,0,0,0,0,0,0
13473,776,712,3,0,0,0,0,0,61
13475,16,16,0,0,0,0,0,0,0
13476,4150,3881,177,9,25,0,0,7,51
13477,991,953,15,0,0,0,0,12,11
13478,3009,2896,10,0,23,0,0,22,58
13480,3372,3316,12,0,10,0,0,12,22
13483,418,412,6,0,0,0,0,0,0
13484,322,322,0,0,0,0,0,0,0
13485,1029,1020,5,0,0,0,0,0,4
13486,937,937,0,0,0,0,0,0,0
13488,172,156,0,0,1,0,0,15,0
13489,658,568,38,0,52,0,0,0,0
13490,1753,1630,0,0,0,0,0,76,47
13491,3606,3510,6,4,20,0,0,18,48
13492,11154,10323,21,22,313,7,0,24,444
13493,1804,1749,2,8,3,0,0,26,16
13494,287,285,0,0,2,0,0,0,0
13495,2059,1828,13,0,16,0,0,29,173
13501,36920,19839,4560,142,6100,30,65,1767,4417
13502,33314,23298,4268,106,1087,0,0,1137,3418
13601,37548,30043,2623,223,761,24,11,1244,2619
13602,3968,1884,697,74,164,60,28,223,838
13603,9501,4917,1203,13,226,131,0,461,2550
13605,5014,4778,7,6,9,0,0,82,132
13606,2512,2453,2,0,0,0,0,26,31
13607,1322,1263,40,0,8,0,0,5,6
13608,1607,1513,2,5,0,0,0,53,34
13612,2386,2228,10,0,80,0,0,38,30
13613,2708,2602,11,19,3,0,6,47,20
13614,339,332,0,0,0,0,0,7,0
13615,922,902,3,0,0,0,0,0,17
13616,1722,1050,221,0,335,0,0,84,32
13617,11137,9917,402,30,234,0,33,168,353
13618,1590,1525,3,5,13,0,0,8,36
13619,10400,9360,286,7,76,0,8,313,350
13620,2267,2160,7,0,5,0,8,10,77
13621,469,463,1,0,0,0,0,0,5
13622,2410,2238,28,4,10,0,0,54,76
13623,18,18,0,0,0,0,0,0,0
13624,5305,4399,389,0,17,0,0,166,334
13625,1778,1763,1,0,0,2,0,0,12
13626,2172,2049,11,4,20,0,0,61,27
13628,222,209,0,0,0,0,0,8,5
13630,1448,1417,3,5,0,0,0,17,6
13633,306,301,0,0,0,0,0,3,2
13634,4064,3894,41,0,0,0,0,24,105
13635,1210,1183,0,0,0,0,0,25,2
13636,237,211,3,0,7,0,0,9,7
13637,4318,2676,567,34,145,0,0,102,794
13638,254,222,0,0,0,0,0,0,32
13639,252,250,0,1,0,0,0,0,1
13640,301,294,0,0,0,0,0,7,0
13641,48,48,0,0,0,0,0,0,0
13642,9909,8718,494,49,21,0,6,116,505
13643,43,43,0,0,0,0,0,0,0
13646,2014,1945,11,4,10,0,0,37,7
13647,55,44,0,0,10,0,0,0,1
13648,2121,2078,1,11,4,0,0,18,9
13650,1567,1356,5,0,3,0,0,120,83
13651,96,96,0,0,0,0,0,0,0
13652,1548,1530,0,0,0,9,1,2,6
13654,2578,2525,14,9,2,0,0,11,17
13655,3444,392,5,2797,117,84,0,49,0
13656,3133,2901,158,9,0,0,0,20,45
13658,2320,2253,6,2,0,0,0,12,47
13659,439,435,0,0,0,0,0,0,4
13660,1697,1643,5,6,9,0,0,18,16
13661,1521,1488,3,16,0,0,0,6,8
13662,16267,15182,13,314,168,0,4,435,151
13664,306,280,11,0,2,0,0,2,11
13665,728,724,4,0,0,0,0,0,0
13666,183,173,0,0,0,0,0,8,2
13667,2898,2804,47,19,0,0,0,4,24
13668,3138,2997,16,44,17,4,0,55,5
13669,15908,14027,783,122,122,38,0,241,575
13670,448,430,0,5,3,0,0,3,7
13672,660,616,0,3,0,0,0,14,27
13673,2142,1938,67,3,16,0,0,37,81
13674,155,155,0,0,0,0,0,0,0
13675,149,149,0,0,0,0,0,0,0
13676,16637,14494,575,77,412,6,95,302,676
13677,39,39,0,0,0,0,0,0,0
13678,400,400,0,0,0,0,0,0,0
13679,1851,1822,0,0,0,0,0,6,23
13680,1702,1630,12,0,0,0,0,60,0
13681,1053,1031,1,0,3,1,0,14,3
13682,731,717,0,0,14,0,0,0,0
13684,1006,992,0,6,2,0,0,5,1
13685,2460,2213,35,0,15,0,6,57,134
13687,418,418,0,0,0,0,0,0,0
13690,633,602,2,1,3,0,0,16,9
13691,3074,2891,20,15,18,0,0,57,73
13692,30,30,0,0,0,0,0,0,0
13693,439,439,0,0,0,0,0,0,0
13694,1244,1222,0,0,0,0,0,0,22
13695,158,147,11,0,0,0,0,0,0
13696,94,94,0,0,0,0,0,0,0
13697,2047,2005,0,10,18,0,0,14,0
13730,2687,2581,36,7,21,0,0,11,31
13731,923,860,0,5,7,0,0,32,19
13732,7799,7371,57,0,73,0,0,165,133
13733,4811,4623,9,7,2,0,0,87,83
13734,1817,1720,2,0,1,0,0,0,94
13736,2283,2252,0,0,5,0,0,20,6
13739,752,712,0,0,12,0,0,7,21
13740,515,461,7,5,16,0,7,6,13
13743,3551,3529,0,0,0,0,0,8,14
13744,1142,1126,1,0,0,1,0,14,0
13746,1954,1834,13,44,7,0,0,56,0
13748,3876,3461,17,0,0,0,0,0,398
13750,918,824,35,0,23,0,0,7,29
13751,180,180,0,0,0,0,0,0,0
13752,794,783,0,0,0,0,0,2,9
13753,5651,4675,321,2,117,2,0,172,362
13754,3147,2953,28,7,31,11,0,57,60
13755,1127,1105,0,0,0,0,0,12,10
13756,384,372,0,0,0,0,0,0,12
13757,1338,1334,0,0,0,0,0,0,4
13760,42372,37584,1899,50,885,0,36,620,1298
13774,154,154,0,0,0,0,0,0,0
13775,1829,1808,3,0,0,0,0,3,15
13776,546,494,0,0,20,0,0,31,1
13777,347,335,6,0,0,0,0,6,0
13778,5486,5182,17,0,19,0,0,78,190
13780,929,887,0,0,0,0,0,30,12
13782,777,663,33,0,15,0,0,13,53
13783,2634,2397,59,0,0,0,28,67,83
13784,130,125,0,0,0,0,0,0,5
13786,365,349,0,0,6,0,0,0,10
13787,3342,3206,2,39,18,0,14,50,13
13788,911,873,4,0,10,0,0,18,6
13790,17964,13911,1272,51,1396,14,8,532,780
13794,67,67,0,0,0,0,0,0,0
13795,2878,2537,59,0,0,0,0,0,282
13796,1362,1258,17,0,0,0,2,0,85
13797,2220,2199,4,0,0,0,0,15,2
13801,1428,1327,12,37,10,0,0,29,13
13802,711,608,0,0,0,0,0,0,103
13803,4243,4076,35,13,16,0,4,34,65
13804,323,313,0,0,0,0,0,10,0
13806,229,206,0,0,23,0,0,0,0
13807,1163,1097,24,0,15,0,0,18,9
13808,1544,1448,0,0,8,0,0,44,44
13809,1531,1514,0,0,0,0,0,0,17
13810,1210,1179,0,0,9,6,3,0,13
13811,4243,4050,35,83,14,0,0,39,22
13812,2386,2323,0,0,16,0,2,41,4
13813,752,625,0,0,0,0,0,127,0
13815,12930,12063,202,39,131,0,0,195,300
13820,22070,18958,739,15,450,0,19,465,1424
13825,2914,2833,10,0,17,0,0,52,2
13826,15,15,0,0,0,0,0,0,0
13827,11452,10695,65,12,160,0,0,170,350
13830,5077,4840,73,0,6,0,0,20,138
13832,576,553,8,0,0,0,0,0,15
13833,3728,3595,0,0,25,0,0,87,21
13834,289,271,18,0,0,0,0,0,0
13835,1132,1102,0,18,0,0,0,10,2
13838,4099,3711,26,0,13,0,0,164,185
13839,1171,1077,0,0,5,0,0,30,59
13841,659,609,7,0,0,0,0,25,18
13842,606,492,59,0,14,0,0,20,21
13843,2015,1936,0,0,0,0,0,42,37
13844,790,739,17,0,0,0,0,31,3
13845,123,123,0,0,0,0,0,0,0
13846,369,361,2,0,6,0,0,0,0
13847,98,98,0,0,0,0,0,0,0
13849,4502,4346,14,14,0,0,0,33,95
13850,22351,18171,884,0,2315,13,28,238,702
13856,6089,5946,34,1,0,0,0,2,106
13859,146,146,0,0,0,0,0,0,0
13860,27,27,0,0,0,0,0,0,0
13861,273,273,0,0,0,0,0,0,0
13862,4290,4043,32,0,7,7,0,70,131
13863,694,650,13,0,0,0,0,6,25
13864,880,738,42,0,0,0,0,13,87
13865,6297,6076,28,0,19,0,0,35,139
13901,19230,16094,1057,54,359,0,11,849,806
13902,6130,4133,320,0,1027,0,2,151,497
13903,18258,14496,1452,25,262,0,7,1015,1001
13904,10347,8488,846,0,286,0,0,159,568
13905,25890,19404,2061,65,1771,0,0,1184,1405
14001,9522,9142,40,12,34,0,18,148,128
14004,12332,10814,1083,52,65,19,0,30,269
14005,1838,1749,4,0,0,0,9,15,61
14006,9605,8990,129,77,0,0,0,148,261
14008,1415,1406,2,0,2,0,0,0,5
14009,5491,5150,77,0,53,0,0,36,175
14011,9198,7204,1199,46,10,0,0,107,632
14012,2334,2227,0,12,34,0,0,16,45
14013,1703,1255,18,361,14,0,0,33,22
14020,22707,20031,699,22,309,0,59,701,886
14024,1552,1510,0,0,27,0,0,13,2
14025,3475,3436,7,0,0,0,1,7,24
14026,531,506,0,0,0,0,0,0,25
14028,1776,1720,5,30,0,0,0,20,1
14030,1800,1735,3,7,0,0,0,2,53
14031,10468,9877,165,0,91,0,0,214,121
14032,9083,8744,11,0,83,0,0,101,144
14033,1677,1556,0,0,8,0,0,0,113
14034,2716,2009,414,21,4,0,7,28,233
14035,105,105,0,0,0,0,0,0,0
14036,4836,4524,50,48,4,0,0,173,37
14037,1107,1098,0,0,0,0,0,0,9
14039,90,90,0,0,0,0,0,0,0
14040,1921,1894,0,3,0,0,0,0,24
14041,195,195,0,0,0,0,0,0,0
14042,4181,4005,0,0,51,0,0,21,104
14043,24538,22786,834,9,164,0,0,278,467
14047,6549,6257,41,0,0,0,0,35,216
14048,14283,9235,521,99,82,0,0,277,4069
14051,20219,17036,489,0,1950,0,38,281,425
14052,16672,15976,112,21,102,0,1,209,251
14054,1593,1331,35,11,0,0,0,20,196
14055,1331,1300,0,0,0,0,0,25,6
14057,8022,7632,1,0,83,0,16,58,232
14058,1994,1612,24,0,0,0,0,91,267
14059,9860,9728,2,38,44,0,0,18,30
14060,326,326,0,0,0,0,0,0,0
14061,375,342,0,11,1,0,0,12,9
14062,3046,2801,57,12,18,10,0,24,124
14063,14302,12167,415,82,173,6,0,373,1086
14065,1637,1585,0,2,13,0,0,31,6
14066,1260,1224,22,13,0,0,0,0,1
14067,5076,4759,96,10,9,0,0,45,157
14068,6731,6024,123,0,356,0,0,46,182
14069,792,786,1,5,0,0,0,0,0
14070,6894,4951,636,531,16,2,30,201,527
14072,21047,19554,453,19,355,0,22,219,425
14075,42780,41035,519,107,277,0,0,287,555
14080,4313,4191,37,0,8,0,0,61,16
14081,3123,1822,44,907,44,5,0,256,45
14082,576,576,0,0,0,0,0,0,0
14085,7178,7018,24,0,54,0,0,17,65
14086,32585,31071,356,28,263,0,0,133,734
14091,1149,711,19,380,0,0,0,0,39
14092,10922,9729,106,350,298,0,62,140,237
14094,49257,42983,2510,116,500,0,28,1337,1783
14098,3102,2930,28,30,0,0,0,55,59
14101,1910,1837,0,6,0,0,0,10,57
14102,1255,1213,0,42,0,0,0,0,0
14103,10519,9036,391,30,106,0,2,220,734
14105,4591,4328,49,15,2,0,20,41,136
14108,5689,5473,53,51,0,0,0,87,25
14109,1082,816,58,14,29,0,0,55,110
14111,3425,3224,35,51,26,0,3,55,31
14112,105,105,0,0,0,0,0,0,0
14113,455,439,0,0,0,0,0,0,16
14120,44119,41865,469,110,336,0,44,674,621
14125,3728,3519,47,17,12,0,0,63,70
14126,608,598,0,0,0,0,0,0,10
14127,30191,28689,205,18,488,0,76,103,612
14129,1530,1191,6,296,10,0,3,10,14
14130,170,156,10,0,0,0,0,0,4
14131,4969,4745,58,0,37,0,0,105,24
14132,5632,4868,28,473,63,0,24,88,88
14134,111,104,0,0,0,0,0,0,7
14135,147,143,0,0,0,0,0,4,0
14136,4667,4421,44,41,0,0,0,65,96
14138,1879,1805,14,11,0,0,0,16,33
14139,2193,2062,0,0,114,0,0,14,3
14141,7480,7202,31,82,23,0,0,10,132
14143,1013,855,22,5,15,0,0,112,4
14145,1847,1687,10,58,0,0,0,0,92
14150,40850,36503,1075,101,671,0,16,1002,1482
14167,1761,1701,10,0,0,0,0,39,11
14168,30,30,0,0,0,0,0,0,0
14169,115,115,0,0,0,0,0,0,0
14170,2944,2944,0,0,0,0,0,0,0
14171,1918,1710,15,10,0,0,0,137,46
14172,3002,2911,26,5,6,0,0,36,18
14173,281,281,0,0,0,0,0,0,0
14174,5597,5357,41,23,19,0,0,68,89
14201,11935,4404,2630,41,247,0,0,323,4290
14202,3385,2032,692,15,48,0,0,47,551
14203,1733,581,747,4,111,0,10,11,269
14204,8643,1500,5905,0,109,2,0,92,1035
14206,20310,14875,2579,210,453,0,23,610,1560
14207,23275,10736,3430,81,2717,0,7,1466,4838
14208,10574,1329,8378,16,495,5,0,70,281
14209,7736,3841,2752,18,253,0,0,156,716
14210,14249,10635,1147,240,183,0,0,511,1533
14211,22495,3117,15590,93,1824,0,7,961,903
14212,10715,4306,3608,58,1424,0,42,332,945
14213,23113,8918,4780,132,3097,0,0,629,5557
14214,19492,9377,6225,97,1838,50,126,336,1443
14215,41435,5522,31107,21,1222,33,34,1299,2197
14216,22289,15471,3021,26,529,0,26,586,2630
14217,22975,20297,1158,59,229,7,22,503,700
14218,18952,14249,1954,59,121,29,111,698,1731
14219,12000,11103,85,49,0,0,16,154,593
14220,22623,19294,500,29,176,47,0,413,2164
14221,53948,46070,1629,75,4208,0,49,724,1193
14222,14114,9776,2198,33,722,0,12,256,1117
14223,22225,19683,1095,29,196,0,0,212,1010
14224,40815,39309,364,36,192,0,0,250,664
14225,33091,25928,4667,15,601,0,126,778,976
14226,30644,22396,3342,184,1928,24,96,1293,1381
14227,21497,19257,932,19,467,0,5,81,736
14228,21839,15801,1621,96,2747,33,0,304,1237
14261,5702,3014,635,0,1176,4,0,174,699
14301,12704,6616,3951,127,105,19,38,641,1207
14302,140,114,21,0,5,0,0,0,0
14303,5582,3460,983,196,192,14,0,255,482
14304,29262,25739,861,396,566,19,50,908,723
14305,16767,10143,5217,135,124,0,0,583,565
14411,13776,11045,1633,21,45,0,0,450,582
14414,7017,6654,7,34,125,0,0,97,100
14415,183,161,0,0,0,0,0,22,0
14416,3535,3324,27,1,19,0,0,115,49
14418,1176,1121,0,0,0,0,0,0,55
14420,21006,18189,725,6,378,0,42,376,1290
14422,2221,2115,22,6,21,0,0,19,38
14423,4559,4188,90,0,87,0,13,73,108
14424,27880,25958,398,107,155,23,56,274,909
14425,12049,10578,423,0,140,13,34,171,690
14427,1943,1783,0,0,0,0,0,93,67
14428,7208,6976,70,0,16,0,0,58,88
14432,5875,5560,19,0,3,0,0,48,245
14433,4141,3794,62,3,1,0,0,55,226
14435,2773,2670,40,7,4,0,0,20,32
14437,11220,9518,825,21,16,0,54,179,607
14441,319,303,0,0,2,0,0,0,14
14445,7716,6621,326,103,39,12,0,320,295
14450,41546,37458,596,71,1487,12,0,393,1529
14454,11206,9913,281,12,325,0,0,135,540
14456,19473,14567,1208,57,842,0,0,483,2316
14462,534,529,0,0,0,0,0,3,2
14464,7462,7126,124,0,7,0,0,91,114
14466,1576,1459,0,0,0,0,31,0,86
14467,10098,7541,1281,0,628,0,186,174,288
14468,17913,16715,482,0,18,0,17,115,566
14469,5983,5836,30,0,0,0,5,31,81
14470,7406,6737,138,22,77,0,0,147,285
14471,2458,2110,36,0,5,0,0,82,225
14472,8713,8402,51,0,64,0,0,101,95
14475,391,335,0,0,7,0,0,0,49
14476,2250,2170,0,12,0,0,0,10,58
14477,1411,1342,21,13,0,0,0,11,24
14478,1501,1315,37,17,51,0,0,0,81
14479,115,115,0,0,0,0,0,0,0
14480,711,672,39,0,0,0,0,0,0
14481,1699,1592,8,12,17,0,0,46,24
14482,8303,7815,183,6,47,0,0,50,202
14485,4010,3723,10,0,69,0,2,47,159
14486,449,449,0,0,0,0,0,0,0
14487,6159,5732,10,4,92,30,0,204,87
14489,7113,6191,454,3,28,0,12,188,237
14502,10733,10040,105,0,246,8,0,107,227
14504,1839,1757,3,5,0,0,0,29,45
14505,5002,4504,126,0,0,0,0,189,183
14506,1317,1306,0,11,0,0,0,0,0
14507,1157,1065,21,0,8,0,0,31,32
14510,4929,4208,225,9,0,0,0,0,487
14511,439,343,13,0,0,0,0,51,32
14512,4418,4275,14,0,34,6,0,40,49
14513,13938,11753,591,20,157,31,0,443,943
14514,6724,5919,372,7,51,15,0,305,55
14516,2392,2118,60,0,16,0,0,14,184
14517,2931,2785,54,0,86,0,0,2,4
14519,11723,11130,170,3,138,0,0,135,147
14521,2405,2291,34,13,0,0,0,23,44
14522,9005,8399,61,5,39,0,10,86,405
14525,2424,2295,35,17,0,0,0,9,68
14526,19973,17380,543,32,855,0,0,338,825
14527,12745,12055,128,0,89,0,10,134,329
14529,137,137,0,0,0,0,0,0,0
14530,5306,4691,142,13,38,0,0,226,196
14532,4273,4231,3,0,10,0,0,7,22
14533,2206,2061,9,0,3,0,0,19,114
14534,31615,26711,394,0,2437,25,11,962,1075
14536,576,555,0,0,4,0,0,15,2
14537,147,147,0,0,0,0,0,0,0
14539,90,70,0,0,0,0,0,20,0
14541,4075,2661,936,27,0,3,8,77,363
14542,60,47,0,0,0,0,0,0,13
14543,3203,3046,72,0,36,0,0,0,49
14544,1954,1885,7,0,0,0,0,42,20
14545,188,159,24,0,0,0,0,5,0
14546,4702,4282,193,0,36,0,0,25,166
14548,3826,3592,25,13,0,0,0,17,179
14549,76,76,0,0,0,0,0,0,0
14550,1491,1360,27,42,16,0,0,28,18
14551,5152,4358,340,16,35,5,0,95,303
14555,1004,935,24,0,0,0,12,24,9
14559,18930,17374,271,5,97,0,43,190,950
14560,2176,2091,4,0,0,0,4,6,71
14561,3014,2916,4,0,10,0,0,0,84
14564,15082,14080,154,81,295,0,78,307,87
14568,6232,5900,8,0,20,0,0,46,258
14569,5896,5465,96,0,19,0,0,224,92
14571,1350,1230,94,8,0,0,0,0,18
14572,4640,4475,35,14,0,0,4,59,53
14580,52585,47375,1313,43,1696,0,0,660,1498
14585,85,69,0,0,0,0,0,0,16
14586,11875,8259,1242,17,1614,0,55,230,458
14588,800,429,276,0,0,0,8,24,63
14589,7605,6548,218,31,3,61,13,190,541
14590,5316,4805,163,20,18,0,3,58,249
14591,1592,1579,0,0,0,0,0,9,4
14592,64,64,0,0,0,0,0,0,0
14604,2364,1188,763,0,59,0,0,101,253
14605,11932,1454,5854,9,264,15,2,287,4047
14606,28296,15800,5907,91,1585,0,9,699,4205
14607,16521,13313,1596,6,467,0,6,192,941
14608,11542,2837,6491,20,332,0,0,473,1389
14609,41168,18446,13701,55,374,8,315,1102,7167
14610,13760,11390,644,15,425,0,7,349,930
14611,16962,3531,10673,26,112,0,22,568,2030
14612,34116,28030,2533,54,640,0,239,576,2044
14613,15381,3681,6640,5,882,0,0,776,3397
14614,1215,353,593,9,9,0,0,0,251
14615,16963,9442,3699,9,789,0,99,489,2436
14616,26948,20573,2632,66,600,6,49,933,2089
14617,22774,19370,1159,55,288,0,0,505,1397
14618,22597,18142,927,60,1780,27,18,638,1005
14619,13642,2656,9354,121,47,0,0,373,1091
14620,23835,16138,3038,74,2036,0,179,535,1835
14621,33066,5744,13363,53,517,0,98,776,12515
14622,11939,9469,576,21,135,16,0,99,1623
14623,25893,17373,2871,132,3512,0,17,552,1436
14624,36570,29117,4149,74,773,0,17,805,1635
14625,10262,9685,56,21,126,0,0,79,295
14626,30292,24120,2127,32,1095,0,14,1050,1854
14627,2348,1569,183,0,363,0,0,54,179
14701,39214,33684,1244,44,160,20,28,1016,3018
14706,6163,5728,56,91,87,0,0,97,104
14707,129,126,0,0,0,0,0,3,0
14708,230,218,0,0,0,0,0,2,10
14709,1389,1308,4,0,31,0,3,19,24
14710,3443,3324,0,0,38,0,9,14,58
14711,1814,1730,2,6,16,0,0,50,10
14712,3044,2984,42,0,0,9,0,0,9
14714,597,592,0,0,0,0,0,5,0
14715,2733,2654,4,23,7,0,0,13,32
14716,2623,2013,232,48,15,0,8,7,300
14717,509,487,0,16,0,0,0,4,2
14718,2041,1759,168,3,26,0,0,20,65
14719,3459,3271,14,16,4,0,0,49,105
14720,601,565,0,0,17,0,0,10,9
14721,150,144,0,0,0,0,0,0,6
14722,244,159,34,0,8,0,2,23,18
14723,1109,1090,2,0,2,0,0,6,9
14724,2405,2351,0,0,6,0,0,14,34
14726,1892,1879,0,2,0,0,0,4,7
14727,5386,5184,4,15,16,0,0,67,100
14728,995,940,0,0,0,0,0,44,11
14729,906,898,2,0,0,0,0,3,3
14731,1125,1076,0,13,0,0,0,26,10
14732,154,154,0,0,0,0,0,0,0
14733,3646,3536,29,0,1,12,1,22,45
14735,2981,2942,0,20,0,0,0,5,14
14736,203,203,0,0,0,0,0,0,0
14737,4322,4119,6,26,2,0,4,57,108
14738,3252,3198,34,0,0,0,0,0,20
14739,2740,2641,30,0,23,0,0,46,0
14740,1105,1086,0,0,0,0,0,14,5
14741,1900,1845,0,5,7,0,0,37,6
14742,313,235,34,7,0,0,0,32,5
14743,1784,1616,122,8,0,0,0,33,5
14744,2175,1892,86,6,100,0,0,14,77
14747,2243,2214,4,11,0,0,0,10,4
14748,618,453,0,152,3,0,6,4,0
14750,4419,4124,8,0,37,0,28,75,147
14752,345,345,0,0,0,0,0,0,0
14753,1082,1051,3,7,0,0,7,6,8
14754,629,625,0,0,0,0,0,3,1
14755,3011,2748,63,73,0,0,0,36,91
14756,28,28,0,0,0,0,0,0,0
14757,3323,3132,96,3,0,5,7,3,77
14760,17640,16059,485,191,301,0,1,407,196
14767,2138,2067,0,0,2,0,0,0,69
14769,1124,1106,2,0,0,0,0,7,9
14770,2926,2812,0,10,14,0,11,37,42
14772,4075,3923,11,45,4,0,3,41,48
14774,55,54,0,0,0,0,0,0,1
14775,2545,2363,18,6,5,0,0,30,123
14777,693,627,0,0,0,0,0,52,14
14778,1354,1055,120,3,70,0,9,4,93
14779,6606,4486,156,1188,37,0,2,366,371
14781,2089,2020,0,7,3,0,0,45,14
14782,2270,2155,23,3,9,0,0,42,38
14783,305,140,6,141,18,0,0,0,0
14784,972,967,0,0,0,0,0,0,5
14787,4704,4464,0,0,121,0,0,0,119
14788,44,41,1,1,0,0,0,0,1
14801,5328,5206,20,0,3,0,6,31,62
14802,4235,3260,347,20,204,0,17,53,334
14803,800,735,18,0,38,0,0,5,4
14804,1435,1346,3,0,51,6,0,23,6
14805,1065,1038,23,0,0,0,0,4,0
14806,2121,2107,0,0,0,0,0,5,9
14807,3138,2934,5,14,7,0,28,39,111
14808,607,576,0,0,0,0,5,0,26
14809,2284,2168,15,0,8,3,11,26,53
14810,12067,11074,519,34,63,0,0,108,269
14812,3525,3297,5,13,8,0,0,85,117
14813,2351,2152,120,0,2,0,0,30,47
14814,1942,1931,11,0,0,0,0,0,0
14815,841,817,12,0,0,0,0,2,10
14816,527,400,0,5,27,0,0,0,95
14817,2658,2085,112,0,65,0,0,327,69
14818,2176,2045,0,0,9,0,0,68,54
14819,584,571,0,0,5,0,0,8,0
14820,826,795,0,5,0,0,0,20,6
14821,3471,3353,7,9,35,0,0,9,58
14822,913,890,0,0,9,0,0,0,14
14823,3624,3532,15,0,8,0,0,40,29
14824,611,597,0,1,0,0,0,6,7
14825,661,653,2,0,6,0,0,0,0
14826,1957,1794,15,0,0,0,0,71,77
14827,186,186,0,0,0,0,0,0,0
14830,19521,18192,494,11,242,0,27,245,310
14836,892,892,0,0,0,0,0,0,0
14837,5786,5571,57,4,15,0,32,71,36
14838,1917,1881,9,0,14,0,9,4,0
14839,811,809,0,0,0,0,0,2,0
14840,2631,2502,35,8,0,0,0,23,63
14841,707,680,0,0,0,0,0,27,0
14842,1123,1123,0,0,0,0,0,0,0
14843,12814,11894,108,16,170,0,22,294,310
14845,20011,18052,471,0,714,0,0,503,271
14846,775,765,1,5,0,0,0,0,4
14847,2398,2205,8,5,14,5,0,79,82
14850,64221,45199,2526,113,9296,57,256,3050,3724
14853,2656,1783,311,13,143,0,66,54,286
14854,12,12,0,0,0,0,0,0,0
14855,940,928,0,0,8,0,0,0,4
14856,300,300,0,0,0,0,0,0,0
14858,1281,1258,0,0,2,0,0,21,0
14859,984,929,0,0,0,0,0,52,3
14860,1204,1184,9,3,4,0,0,0,4
14861,1125,1125,0,0,0,0,0,0,0
14864,1197,1100,0,0,2,0,0,28,67
14865,2874,2789,49,0,0,0,4,8,24
14867,5676,5294,86,0,0,0,0,89,207
14869,1259,1218,4,0,0,0,0,24,13
14870,9468,8099,226,0,818,0,28,197,100
14871,4980,4617,169,4,2,0,1,72,115
14872,657,559,0,0,0,0,0,42,56
14873,2574,2409,15,0,68,0,4,63,15
14874,235,229,0,0,0,0,0,6,0
14877,476,456,0,0,0,0,0,20,0
14878,644,612,0,0,8,0,0,0,24
14879,1998,1850,4,3,43,0,0,70,28
14880,1640,1573,3,0,20,0,3,21,20
14881,159,159,0,0,0,0,0,0,0
14882,4066,3579,17,0,51,0,31,130,258
14883,4726,4332,144,0,33,0,7,83,127
14884,306,304,0,0,0,0,0,0,2
14885,722,696,0,3,0,0,0,19,4
14886,6713,6302,66,0,14,0,0,132,199
14889,1539,1470,11,4,7,0,0,0,47
14891,4276,3855,40,0,103,0,12,80,186
14892,8022,7607,75,0,42,0,0,100,198
14893,0,0,0,0,0,0,0,0,0
14894,1246,1205,6,0,0,0,0,24,11
14895,9144,8954,62,10,18,9,0,56,35
14897,773,771,0,0,0,0,0,0,2
14898,2018,1992,0,0,0,0,0,26,0
14901,15855,11478,2438,201,131,0,26,865,716
14903,7600,7031,89,0,54,0,0,201,225
14904,15176,12724,1304,24,28,0,45,603,448
14905,8407,7165,496,0,146,7,0,194,399
