NEW YORK,,,,,,,
"Individual Income Tax Returns: 
Selected Income and Tax Items by State, 
ZIP Code, and Size of Adjusted Gross Income, 
Tax Year 2018",,,,,,,
"SOURCE: IRS, Statistics of Income Division, 
Individual Master File System, August 2020.",,,,,,,
[Money amounts are in thousands of dollars],,,,,,,
zip,Number of returns,Number of individuals,Number of dependents,Adjusted gross income (AGI) in thousands,Borough,AGI,AGI Per Capita
0,9632130,17260550,5256960,887473952,NY State,8.87E+11,51416
1,4113120,7197320,2264240,381419765,NYC,3.81E+11,52995
2,835120,1254420,284370,190028651,Manhattan,1.90E+11,151487
3,225940,429720,138040,16994497,Staten,16994497000,39548
4,664800,1216340,472100,27280760,Bronx,27280760000,22429
5,1163290,2085400,634430,64871205,Queens,64871205000,31107
6,1223970,2211440,735300,82244652,Brooklyn,82244652000,37191
10001,16150,21760,3350,2906435,Manhattan,2906435000,133568
10002,42400,67080,16200,2718913,Manhattan,2718913000,40532
10003,29270,38080,4650,8191737,Manhattan,8191737000,215119
10004,2470,4280,1100,944925,Manhattan,944925000,220777
10005,6160,8280,1200,2603668,Manhattan,2603668000,314453
10006,2510,3450,550,577145,Manhattan,577145000,167288
10007,3760,6520,1720,2910802,Manhattan,2910802000,446442
10009,33200,45840,8850,2948597,Manhattan,2948597000,64324
10010,17400,24130,3590,4542337,Manhattan,4542337000,188244
10011,30370,40580,5510,9331779,Manhattan,9331779000,229960
10012,12830,16860,2210,3646355,Manhattan,3646355000,216273
10013,15380,24330,5560,7947938,Manhattan,7947938000,326672
10014,19080,24630,2980,6795181,Manhattan,6795181000,275890
10016,33510,43650,5460,8000771,Manhattan,8000771000,183294
10017,12280,16980,2580,4417331,Manhattan,4417331000,260149
10018,7030,9560,1590,3964454,Manhattan,3964454000,414692
10019,26810,36390,5200,8005583,Manhattan,8005583000,219994
10021,23600,35030,6430,12798847,Manhattan,12798847000,365368
10022,20440,29550,4640,14226340,Manhattan,14226340000,481433
10023,34740,52730,9940,12391069,Manhattan,12391069000,234991
10024,30640,49250,11020,13806195,Manhattan,13806195000,280329
10025,46250,71720,15930,8028810,Manhattan,8028810000,111947
10026,18420,30050,9400,1440633,Manhattan,1440633000,47941
10027,27710,44180,13310,1972417,Manhattan,1972417000,44645
10028,25670,38600,7600,10128983,Manhattan,10128983000,262409
10029,35410,59220,19870,2022052,Manhattan,2022052000,34145
10030,13950,22330,7450,645026,Manhattan,645026000,28886
10031,29390,45020,12960,1401061,Manhattan,1401061000,31121
10032,29400,45560,13240,1270384,Manhattan,1270384000,27884
10033,27090,43640,12890,1360083,Manhattan,1360083000,31166
10034,19890,32550,9940,1019289,Manhattan,1019289000,31315
10035,15570,26100,8980,833400,Manhattan,833400000,31931
10036,19180,25620,3670,4568142,Manhattan,4568142000,178304
10037,10620,16280,4950,570270,Manhattan,570270000,35029
10038,13000,18850,3670,1953888,Manhattan,1953888000,103655
10039,13270,22280,8080,586050,Manhattan,586050000,26304
10040,21550,34910,10420,1037660,Manhattan,1037660000,29724
10044,4570,7340,1610,472585,Manhattan,472585000,64385
10065,16180,24110,4400,8892119,N/A,8892119000,368815
10069,3170,5750,1580,1777529,Manhattan,1777529000,309135
10075,14390,21720,4280,6848124,N/A,6848124000,315291
10128,33540,51680,10800,12570244,Manhattan,12570244000,243232
10162,730,1490,460,203692,Manhattan,203692000,136706
10280,4330,7290,1610,1047685,Manhattan,1047685000,143715
10282,2380,5000,1620,1442366,Manhattan,1442366000,288473
10301,18280,32890,10630,1369609,Staten,1369609000,41642
10302,8280,16220,6010,458236,Staten,458236000,28251
10303,12440,23670,9140,594095,Staten,594095000,25099
10304,20440,38770,13710,1515252,Staten,1515252000,39083
10305,19850,37440,11590,1278252,Staten,1278252000,34141
10306,27730,51790,15280,2132001,Staten,2132001000,41166
10307,6580,12800,4160,657079,Staten,657079000,51334
10308,13810,25700,7350,1124965,Staten,1124965000,43773
10309,15510,30100,9480,1420600,Staten,1420600000,47196
10310,11670,22530,8060,776063,Staten,776063000,34446
10312,29720,57080,17040,2582965,Staten,2582965000,45252
10314,41630,80730,25590,3085380,Staten,3085380000,38219
10451,24060,43630,17590,857426,Bronx,857426000,19652
10452,36950,68800,28520,1129896,Bronx,1129896000,16423
10453,38230,71210,29660,1118282,Bronx,1118282000,15704
10454,15940,30650,13460,488519,Bronx,488519000,15939
10455,18200,34980,15130,574656,Bronx,574656000,16428
10456,41000,78020,33810,1209535,Bronx,1209535000,15503
10457,33580,63960,27480,997507,Bronx,997507000,15596
10458,34930,65420,26740,1116373,Bronx,1116373000,17065
10459,21680,40760,17210,678052,Bronx,678052000,16635
10460,26260,49210,20760,826025,Bronx,826025000,16786
10461,24870,44950,14910,1346454,Bronx,1346454000,29954
10462,40210,74340,27100,1795269,Bronx,1795269000,24149
10463,34570,59620,18730,2432458,Bronx,2432458000,40799
10464,2210,3660,880,212670,Bronx,212670000,58107
10465,19990,35140,11180,1287456,Bronx,1287456000,36638
10466,32980,57870,21590,1388485,Bronx,1388485000,23993
10467,45670,84810,33360,1714750,Bronx,1714750000,20219
10468,36480,66800,26440,1203575,Bronx,1203575000,18018
10469,32960,58580,21140,1593018,Bronx,1593018000,27194
10470,7810,13350,4190,435453,Bronx,435453000,32618
10471,10140,17460,4760,1390724,Bronx,1390724000,79652
10472,29380,57370,23610,971500,Bronx,971500000,16934
10473,28790,50780,19430,1203457,Bronx,1203457000,23699
10474,4980,9510,4120,155708,Bronx,155708000,16373
10475,22930,35460,10300,1153512,Bronx,1153512000,32530
10501,690,1330,430,111607,N/A,111607000,83915
10502,2860,6190,2150,568085,N/A,568085000,91775
10504,4170,8470,2890,1946517,N/A,1946517000,229813
10505,810,1590,530,103648,N/A,103648000,65187
10506,2790,5670,1920,1212840,N/A,1212840000,213905
10507,2640,5010,1660,648922,N/A,648922000,129525
10509,10040,18270,5280,930991,N/A,930991000,50957
10510,4800,9610,3000,1470198,N/A,1470198000,152986
10511,1160,2230,690,97558,N/A,97558000,43748
10512,12700,23270,6460,1173165,N/A,1173165000,50415
10514,5440,12110,4580,2714858,N/A,2714858000,224183
10516,2720,5040,1330,368557,N/A,368557000,73126
10518,720,1370,430,135066,N/A,135066000,98588
10520,6360,12040,3490,930108,N/A,930108000,77251
10522,5360,10350,3230,919988,N/A,919988000,88888
10523,4960,8940,2810,395481,N/A,395481000,44237
10524,2130,3980,1080,336619,N/A,336619000,84578
10526,980,1860,580,162336,N/A,162336000,87277
10527,450,960,310,84297,N/A,84297000,87809
10528,5980,11260,3510,1745733,N/A,1745733000,155038
10530,7220,12150,2690,1027856,N/A,1027856000,84597
10532,2550,4960,1480,277918,N/A,277918000,56032
10533,3700,7540,2510,1083935,N/A,1083935000,143758
10535,370,690,220,26068,N/A,26068000,37780
10536,5130,10320,3430,1582461,N/A,1582461000,153339
10537,1260,2180,580,87175,N/A,87175000,39989
10538,8120,17350,6200,3738612,N/A,3738612000,215482
10541,12910,24500,7570,1274374,N/A,1274374000,52015
10543,9860,19020,6110,1964432,N/A,1964432000,103282
10546,690,1430,470,153328,N/A,153328000,107222
10547,3640,6830,2150,328020,N/A,328020000,48026
10548,1660,3010,860,146648,N/A,146648000,48720
10549,8330,15620,4910,1797542,N/A,1797542000,115080
10550,19710,33960,12340,829407,N/A,829407000,24423
10552,11190,18440,5060,909028,N/A,909028000,49297
10553,5970,10010,3440,316952,N/A,316952000,31664
10560,2200,4190,1230,465545,N/A,465545000,111109
10562,16100,29100,8610,1494035,N/A,1494035000,51341
10566,12500,21850,6700,748125,N/A,748125000,34239
10567,9880,19060,5860,1155513,N/A,1155513000,60625
10570,6100,12210,3930,1319349,N/A,1319349000,108055
10573,18960,35440,11510,2009731,N/A,2009731000,56708
10576,2470,4830,1470,766892,N/A,766892000,158777
10577,1550,2740,920,1373893,N/A,1373893000,501421
10578,430,830,250,43916,N/A,43916000,52911
10579,4400,8390,2470,474998,N/A,474998000,56615
10580,8240,17250,6570,5376117,N/A,5376117000,311659
10583,18920,39870,14040,10335498,N/A,10335498000,259230
10588,1360,2540,750,128381,N/A,128381000,50544
10589,4630,7990,1650,615300,N/A,615300000,77009
10590,3200,6340,1930,582347,N/A,582347000,91853
10591,12080,21610,6410,1715248,N/A,1715248000,79373
10594,2570,4950,1510,339968,N/A,339968000,68680
10595,3330,6340,1860,501425,N/A,501425000,79089
10597,480,960,310,178155,N/A,178155000,185578
10598,14660,28720,8830,1788057,N/A,1788057000,62258
10601,6160,9860,2440,1064627,N/A,1064627000,107974
10603,10040,17180,4860,877388,N/A,877388000,51070
10604,5750,10730,3360,842515,N/A,842515000,78520
10605,10210,18680,5180,1661610,N/A,1661610000,88951
10606,8490,15410,4950,787811,N/A,787811000,51123
10607,4060,7380,2160,431010,N/A,431010000,58402
10701,29840,54750,20230,1567373,N/A,1567373000,28628
10703,10930,19710,6660,631071,N/A,631071000,32018
10704,17300,30140,8890,1182860,N/A,1182860000,39246
10705,18880,35140,13050,1009714,N/A,1009714000,28734
10706,4520,8900,2770,884771,N/A,884771000,99412
10707,5240,9550,2780,664463,N/A,664463000,69577
10708,11510,20120,5510,3453247,N/A,3453247000,171633
10709,4920,9430,2950,746874,N/A,746874000,79202
10710,14110,24910,7090,1191654,N/A,1191654000,47838
10801,18810,35200,11980,1412306,N/A,1412306000,40122
10803,6170,12990,4760,1583488,N/A,1583488000,121901
10804,7170,14440,4550,1772308,N/A,1772308000,122736
10805,9250,15730,4450,700622,N/A,700622000,44540
10901,11290,22260,7490,1388656,N/A,1388656000,62383
10913,2630,5050,1610,406463,N/A,406463000,80488
10916,2230,4390,1400,231611,N/A,231611000,52759
10917,1060,2070,700,95714,N/A,95714000,46239
10918,5820,11040,3530,511727,N/A,511727000,46352
10919,600,1140,340,45294,N/A,45294000,39732
10920,4620,8720,2680,438738,N/A,438738000,50314
10921,2250,4110,1260,178736,N/A,178736000,43488
10923,4980,8980,2940,342379,N/A,342379000,38127
10924,6400,12150,3770,653520,N/A,653520000,53788
10925,2500,4190,1020,201471,N/A,201471000,48084
10926,1950,3530,1150,154920,N/A,154920000,43887
10927,6180,11220,4150,270726,N/A,270726000,24129
10928,2260,3840,1120,128691,N/A,128691000,33513
10930,4410,8750,3110,409861,N/A,409861000,46841
10940,25110,46130,15810,1419464,N/A,1419464000,30771
10941,7350,13420,4370,477012,N/A,477012000,35545
10950,18130,53810,27240,1420887,N/A,1420887000,26406
10952,12660,45170,25360,1411868,N/A,1411868000,31257
10954,12540,22880,6990,1085407,N/A,1085407000,47439
10956,16050,31910,10100,2017889,N/A,2017889000,63237
10958,1650,3200,1030,142360,N/A,142360000,44488
10960,7730,13110,3500,922279,N/A,922279000,70349
10962,2670,5020,1490,338505,N/A,338505000,67431
10963,1240,2430,790,86852,N/A,86852000,35742
10964,740,1370,400,197361,N/A,197361000,144059
10965,7880,14840,4450,853420,N/A,853420000,57508
10968,1260,2010,420,199887,N/A,199887000,99446
10969,630,1190,360,47920,N/A,47920000,40269
10970,5380,10420,3520,465202,N/A,465202000,44645
10973,1170,2210,700,92704,N/A,92704000,41948
10974,1570,2960,920,149054,N/A,149054000,50356
10975,160,280,70,10760,N/A,10760000,38429
10976,850,1420,390,66759,N/A,66759000,47013
10977,24270,63780,31320,1466145,N/A,1466145000,22988
10980,7230,13090,3890,646667,N/A,646667000,49402
10983,3020,5930,1820,345988,N/A,345988000,58345
10984,1350,2570,810,116756,N/A,116756000,45430
10985,160,290,80,10381,N/A,10381000,35797
10986,980,1780,520,95892,N/A,95892000,53872
10987,1900,3450,800,308184,N/A,308184000,89329
10989,4940,8850,2340,488080,N/A,488080000,55150
10990,9870,18630,5480,1047471,N/A,1047471000,56225
10992,4840,9010,2800,399317,N/A,399317000,44319
10993,2630,4630,1610,127250,N/A,127250000,27484
10994,3880,7480,2250,530754,N/A,530754000,70956
10996,1200,3080,1360,93881,N/A,93881000,30481
10998,1630,3370,1140,136258,N/A,136258000,40433
11001,14080,27030,8300,1365557,N/A,1365557000,50520
11003,24230,43370,14730,1382727,N/A,1382727000,31882
11004,6830,12320,3250,497011,Queens,497011000,40342
11005,1480,1910,30,270591,N/A,270591000,141671
11010,12900,23730,6940,1046621,N/A,1046621000,44105
11020,3090,6260,2080,623315,N/A,623315000,99571
11021,9330,17380,5000,1853078,N/A,1853078000,106621
11023,4110,9160,3470,812501,N/A,812501000,88701
11024,3200,6800,2550,1434238,N/A,1434238000,210917
11030,8750,18000,6070,3546763,N/A,3546763000,197042
11040,21860,43140,13300,2402252,N/A,2402252000,55685
11050,15330,29730,9340,3381745,N/A,3381745000,113749
11096,3980,7890,3110,181596,N/A,181596000,23016
11101,23190,35370,7520,2273198,Queens,2273198000,64269
11102,19580,30930,7520,1225616,Queens,1225616000,39625
11103,20950,32260,7040,1269650,Queens,1269650000,39357
11104,15300,25070,5890,1013072,Queens,1013072000,40410
11105,19710,31790,7310,1347282,Queens,1347282000,42381
11106,22260,34880,8090,1391829,Queens,1391829000,39903
11109,3530,5450,850,700625,Queens,700625000,128555
11201,34880,54360,11240,7714299,Brooklyn,7714299000,141911
11203,37810,63680,21870,1679309,Brooklyn,1679309000,26371
11204,33910,76550,29680,1935543,Brooklyn,1935543000,25285
11205,19300,38920,15320,1529774,Brooklyn,1529774000,39306
11206,38420,70650,26640,1771285,Brooklyn,1771285000,25071
11207,44210,77180,29210,1650855,Brooklyn,1650855000,21390
11208,44880,84010,33160,1586724,Brooklyn,1586724000,18887
11209,34490,61350,17310,2811643,Brooklyn,2811643000,45830
11210,29610,55870,21110,2348707,Brooklyn,2348707000,42039
11211,31940,53930,15660,2684922,Brooklyn,2684922000,49785
11212,38640,69670,28290,1344174,Brooklyn,1344174000,19293
11213,30130,52620,18990,1378248,Brooklyn,1378248000,26192
11214,41730,81660,26250,1930773,Brooklyn,1930773000,23644
11215,33640,57850,14470,5454584,Brooklyn,5454584000,94288
11216,29940,42870,10280,1830296,Brooklyn,1830296000,42694
11217,21280,32470,7110,3143030,Brooklyn,3143030000,96798
11218,33320,70170,26270,2212234,Brooklyn,2212234000,31527
11219,34030,91910,41930,1635884,Brooklyn,1635884000,17799
11220,54190,106310,34740,1748844,Brooklyn,1748844000,16450
11221,41950,63390,18250,1958838,Brooklyn,1958838000,30901
11222,23590,33470,5450,2098579,Brooklyn,2098579000,62700
11223,33540,67770,23520,2556150,Brooklyn,2556150000,37718
11224,20250,35580,11600,910704,Brooklyn,910704000,25596
11225,31290,49630,14730,1755176,Brooklyn,1755176000,35365
11226,53290,87070,28280,2466184,Brooklyn,2466184000,28324
11228,20180,39260,12320,1336182,Brooklyn,1336182000,34034
11229,37650,72920,23440,2423575,Brooklyn,2423575000,33236
11230,36570,78250,30050,2773769,Brooklyn,2773769000,35448
11231,17480,30750,8800,2885921,Brooklyn,2885921000,93851
11232,13030,23980,7790,618142,Brooklyn,618142000,25777
11233,32940,54110,18820,1471332,Brooklyn,1471332000,27191
11234,42920,78970,26580,3023834,Brooklyn,3023834000,38291
11235,40280,72910,21030,2567055,Brooklyn,2567055000,35209
11236,48540,82740,29100,2301827,Brooklyn,2301827000,27820
11237,24290,37930,10760,1030147,Brooklyn,1030147000,27159
11238,32190,47990,10650,3353662,Brooklyn,3353662000,69883
11239,7640,12690,4600,322447,Brooklyn,322447000,25410
11354,32200,54580,12440,1299395,Queens,1299395000,23807
11355,52700,91180,21660,1610782,Queens,1610782000,17666
11356,12690,24150,7790,589237,Queens,589237000,24399
11357,20400,37510,10070,1898492,Queens,1898492000,50613
11358,19720,35870,9580,1220462,Queens,1220462000,34025
11360,10210,17510,4010,1004624,Queens,1004624000,57374
11361,14080,25790,7200,1014165,Queens,1014165000,39324
11362,9010,16480,4280,774948,Queens,774948000,47024
11363,3500,6370,1710,458581,Queens,458581000,71991
11364,18210,34260,9640,1300224,Queens,1300224000,37952
11365,21920,41530,12790,1279603,Queens,1279603000,30812
11366,6840,13270,4050,490003,Queens,490003000,36926
11367,19160,38310,13000,1312965,Queens,1312965000,34272
11368,48750,96980,37430,1609584,Queens,1609584000,16597
11369,18090,34110,12000,732524,Queens,732524000,21475
11370,13490,25290,7970,687350,Queens,687350000,27179
11372,35250,63280,18890,1791324,Queens,1791324000,28308
11373,51510,95100,29230,1951391,Queens,1951391000,20519
11374,23480,41150,11060,1606102,Queens,1606102000,39030
11375,35890,63280,16050,3714463,Queens,3714463000,58699
11377,46020,81800,23670,2133352,Queens,2133352000,26080
11378,17950,33410,10130,1034753,Queens,1034753000,30971
11379,18080,33030,9230,1335108,Queens,1335108000,40421
11385,49780,87510,26300,2525905,Queens,2525905000,28864
11411,10870,17600,5340,604233,Queens,604233000,34331
11412,19770,33190,11310,945365,Queens,945365000,28483
11413,21840,36310,12070,1147871,Queens,1147871000,31613
11414,13490,23690,6470,1018439,Queens,1018439000,42990
11415,9690,16890,4730,706738,Queens,706738000,41844
11416,12800,25240,9350,490762,Queens,490762000,19444
11417,15220,28910,9850,724600,Queens,724600000,25064
11418,18030,33980,11670,840143,Queens,840143000,24725
11419,24330,43820,13680,924466,Queens,924466000,21097
11420,23820,43400,14240,1069765,Queens,1069765000,24649
11421,20930,39100,13360,921337,Queens,921337000,23564
11422,16680,27690,9210,876114,Queens,876114000,31640
11423,15440,28320,9490,812347,Queens,812347000,28685
11426,9400,17570,5130,626861,Queens,626861000,35678
11427,11900,22010,6780,754242,Queens,754242000,34268
11428,10120,18650,6040,515246,Queens,515246000,27627
11429,13420,22770,7610,633574,Queens,633574000,27825
11432,28240,56400,19960,1430777,Queens,1430777000,25368
11433,17010,31560,12060,673077,Queens,673077000,21327
11434,33550,56160,19170,1548972,Queens,1548972000,27581
11435,26950,50000,16810,1225636,Queens,1225636000,24513
11436,9950,17700,6190,435964,Queens,435964000,24631
11501,11100,19580,5140,1024612,N/A,1024612000,52330
11507,3870,7620,2340,528308,N/A,528308000,69332
11509,1300,2150,420,293362,N/A,293362000,136447
11510,18470,33070,10460,1463746,N/A,1463746000,44262
11514,2550,4630,1240,236242,N/A,236242000,51024
11516,3290,7930,3420,517908,N/A,517908000,65310
11518,5780,10360,2890,705514,N/A,705514000,68100
11520,24690,42690,14110,1354118,N/A,1354118000,31720
11530,14690,28910,9270,4564212,N/A,4564212000,157877
11542,13870,24110,6680,1216137,N/A,1216137000,50441
11545,6030,11480,3510,2288152,N/A,2288152000,199316
11548,690,1300,410,125254,N/A,125254000,96349
11550,29430,52130,19260,1308715,N/A,1308715000,25105
11552,13210,25470,8790,1120027,N/A,1120027000,43974
11553,14820,25930,9210,682465,N/A,682465000,26320
11554,19830,36940,10560,1748203,N/A,1748203000,47325
11557,4090,8050,2620,883936,N/A,883936000,109806
11558,4430,7670,2120,356650,N/A,356650000,46499
11559,3850,8250,3280,1156620,N/A,1156620000,140196
11560,3390,6200,1930,1299186,N/A,1299186000,209546
11561,19540,31210,7250,2126990,N/A,2126990000,68151
11563,11750,21660,6420,1087297,N/A,1087297000,50198
11565,4750,8910,2450,544929,N/A,544929000,61159
11566,18480,35600,10720,2454324,N/A,2454324000,68942
11568,1680,3130,970,1128745,N/A,1128745000,360621
11570,14500,27210,8560,2364222,N/A,2364222000,86888
11572,16230,30450,9030,1649304,N/A,1649304000,54164
11575,9510,16810,6240,401617,N/A,401617000,23892
11576,6360,12500,3860,2085660,N/A,2085660000,166853
11577,6000,12240,4020,1218852,N/A,1218852000,99579
11579,2600,4860,1390,414263,N/A,414263000,85239
11580,22720,41820,13760,1596769,N/A,1596769000,38182
11581,11130,22190,7730,1030283,N/A,1030283000,46430
11590,26230,47480,15190,1904218,N/A,1904218000,40106
11596,5520,10750,3340,746164,N/A,746164000,69411
11598,5790,14050,5930,1303015,N/A,1303015000,92741
11691,23300,47660,20710,1033194,Queens,1033194000,21678
11692,9060,16850,6730,393888,Queens,393888000,23376
11693,5850,10310,3340,319792,Queens,319792000,31018
11694,8990,15680,4480,850523,Queens,850523000,54243
11697,2360,4120,1000,253659,Queens,253659000,61568
11701,15040,25330,7860,941669,N/A,941669000,37176
11702,7860,13920,3830,921425,N/A,921425000,66194
11703,9510,16550,4740,669660,N/A,669660000,40463
11704,21270,37160,10890,1403722,N/A,1403722000,37775
11705,4180,7840,2400,489239,N/A,489239000,62403
11706,33540,61150,20700,2048803,N/A,2048803000,33505
11709,3580,6310,1730,393634,N/A,393634000,62383
11710,18150,34320,10210,1971058,N/A,1971058000,57432
11713,5520,9980,3360,393048,N/A,393048000,39384
11714,12490,22770,6440,1043267,N/A,1043267000,45818
11715,2390,4310,1200,253457,N/A,253457000,58807
11716,5600,9940,2840,469443,N/A,469443000,47228
11717,32880,61220,23160,1323102,N/A,1323102000,21612
11718,1730,3250,960,283662,N/A,283662000,87281
11719,1610,2790,680,176531,N/A,176531000,63273
11720,14860,27330,8330,1133785,N/A,1133785000,41485
11721,3410,6310,1800,550971,N/A,550971000,87317
11722,19820,36010,13030,903924,N/A,903924000,25102
11724,1660,3280,1100,581312,N/A,581312000,177229
11725,14920,28380,8520,1698157,N/A,1698157000,59836
11726,11370,19920,6460,570205,N/A,570205000,28625
11727,15200,26490,7680,1014515,N/A,1014515000,38298
11729,15310,27510,8500,1034775,N/A,1034775000,37615
11730,7730,13900,3950,788726,N/A,788726000,56743
11731,15780,29560,8820,1645843,N/A,1645843000,55678
11732,1910,3440,900,303914,N/A,303914000,88347
11733,8790,16700,5000,2471431,N/A,2471431000,147990
11735,17880,31300,8700,1575653,N/A,1575653000,50340
11738,8640,16090,5040,625932,N/A,625932000,38902
11740,4830,9210,2950,595427,N/A,595427000,64650
11741,14670,26380,7470,1207425,N/A,1207425000,45770
11742,6950,12440,3610,584092,N/A,584092000,46953
11743,22540,40610,11220,3887816,N/A,3887816000,95735
11746,34670,65010,20770,3728345,N/A,3728345000,57350
11747,11330,20630,5670,2582382,N/A,2582382000,125176
11749,1860,3160,930,117812,N/A,117812000,37282
11751,7900,13950,3940,740086,N/A,740086000,53053
11752,5420,9650,2720,402766,N/A,402766000,41737
11753,6250,13190,4420,1463585,N/A,1463585000,110962
11754,9790,17770,5000,952140,N/A,952140000,53581
11755,6300,11410,3270,588943,N/A,588943000,51616
11756,22970,42360,12470,1792178,N/A,1792178000,42308
11757,23950,42300,12040,1617464,N/A,1617464000,38238
11758,29450,53360,15050,3445028,N/A,3445028000,64562
11762,11890,22430,6640,1350393,N/A,1350393000,60205
11763,14980,26960,8160,1010927,N/A,1010927000,37497
11764,6370,12540,3940,738604,N/A,738604000,58900
11765,350,580,150,319665,N/A,319665000,551147
11766,6140,12050,3600,763967,N/A,763967000,63400
11767,7380,14100,4360,771038,N/A,771038000,54684
11768,11230,20780,5860,1812514,N/A,1812514000,87224
11769,5120,8700,2120,514504,N/A,514504000,59138
11771,5230,9250,2600,1540294,N/A,1540294000,166518
11772,23020,39620,11080,1594177,N/A,1594177000,40237
11776,12500,22630,6920,904026,N/A,904026000,39948
11777,4850,8520,2270,819962,N/A,819962000,96240
11778,6430,11890,3710,493025,N/A,493025000,41466
11779,19750,36100,10730,1480245,N/A,1480245000,41004
11780,8090,14780,4240,1951007,N/A,1951007000,132003
11782,8210,14940,4260,882443,N/A,882443000,59066
11783,11400,21120,6020,1183702,N/A,1183702000,56046
11784,12670,23350,7270,816408,N/A,816408000,34964
11786,3170,6280,2060,357580,N/A,357580000,56939
11787,17820,33680,10130,2179997,N/A,2179997000,64727
11788,8900,16250,4770,964661,N/A,964661000,59364
11789,3810,7010,2130,285100,N/A,285100000,40670
11790,6900,12810,3610,891752,N/A,891752000,69614
11791,12110,25630,8760,2802399,N/A,2802399000,109341
11792,4400,8310,2460,468447,N/A,468447000,56371
11793,16910,31970,9530,1808479,N/A,1808479000,56568
11795,13260,24590,7210,1397613,N/A,1397613000,56837
11796,1950,3580,1070,176324,N/A,176324000,49253
11797,4900,9230,2640,1396441,N/A,1396441000,151294
11798,8820,16500,6620,409585,N/A,409585000,24823
11801,22670,41240,11690,1595674,N/A,1595674000,38692
11803,14670,29330,8900,2281437,N/A,2281437000,77785
11804,2510,5020,1570,351203,N/A,351203000,69961
11901,13480,23620,7140,753227,N/A,753227000,31889
11933,3560,6200,1540,310067,N/A,310067000,50011
11934,4150,7980,2540,379048,N/A,379048000,47500
11935,1890,3180,700,234671,N/A,234671000,73796
11937,8940,15100,3940,1248671,N/A,1248671000,82693
11939,530,880,170,59143,N/A,59143000,67208
11940,2810,5140,1480,298930,N/A,298930000,58158
11941,1440,2530,580,139017,N/A,139017000,54947
11942,2620,4710,1350,280672,N/A,280672000,59591
11944,2320,3830,980,194346,N/A,194346000,50743
11946,7670,13410,3690,558512,N/A,558512000,41649
11948,660,1130,260,68161,N/A,68161000,60319
11949,7540,13860,4280,673678,N/A,673678000,48606
11950,7930,15000,5250,413905,N/A,413905000,27594
11951,6550,12110,4150,335899,N/A,335899000,27737
11952,2630,4500,1070,283720,N/A,283720000,63049
11953,6970,11820,3180,450901,N/A,450901000,38147
11954,2670,4190,890,249055,N/A,249055000,59440
11955,1740,2890,660,122252,N/A,122252000,42302
11957,420,700,100,64751,N/A,64751000,92501
11958,440,740,180,40926,N/A,40926000,55305
11961,7220,12210,2670,502864,N/A,502864000,41185
11963,4050,6610,1540,694323,N/A,694323000,105041
11967,13150,24410,7880,786617,N/A,786617000,32225
11968,5380,9100,2320,841743,N/A,841743000,92499
11971,3040,5170,1120,311229,N/A,311229000,60199
11976,1060,1830,450,281727,N/A,281727000,153949
11977,1390,2390,590,172666,N/A,172666000,72245
11978,1970,3450,980,231906,N/A,231906000,67219
11980,2600,4460,1160,208711,N/A,208711000,46796
12007,100,160,30,6853,N/A,6853000,42831
12008,230,460,150,19320,N/A,19320000,42000
12009,3850,7240,1980,354609,N/A,354609000,48979
12010,13530,24440,7570,708235,N/A,708235000,28979
12015,1670,2900,690,131427,N/A,131427000,45320
12017,180,330,80,14614,N/A,14614000,44285
12018,4000,7310,1940,318467,N/A,318467000,43566
12019,8070,15390,4270,748517,N/A,748517000,48637
12020,17160,30460,8090,1278939,N/A,1278939000,41987
12022,420,760,210,23663,N/A,23663000,31136
12023,980,1860,490,64378,N/A,64378000,34612
12025,2710,5010,1380,168579,N/A,168579000,33649
12027,2100,4040,1180,184691,N/A,184691000,45716
12028,580,1050,270,32831,N/A,32831000,31268
12029,530,900,190,56542,N/A,56542000,62824
12032,490,850,170,28758,N/A,28758000,33833
12033,4140,7460,1950,325360,N/A,325360000,43614
12035,400,700,200,19723,N/A,19723000,28176
12037,1850,3120,770,120784,N/A,120784000,38713
12041,270,480,110,18195,N/A,18195000,37906
12042,220,380,100,11476,N/A,11476000,30200
12043,3240,5730,1510,182152,N/A,182152000,31789
12046,350,610,160,22898,N/A,22898000,37538
12047,11030,18620,5050,684666,N/A,684666000,36770
12051,1820,3180,930,108978,N/A,108978000,34270
12052,780,1390,340,50866,N/A,50866000,36594
12053,2250,4150,1080,165300,N/A,165300000,39831
12054,9030,16690,4690,944732,N/A,944732000,56605
12056,1160,2180,570,89519,N/A,89519000,41064
12057,750,1450,410,43269,N/A,43269000,29841
12058,690,1230,310,40021,N/A,40021000,32537
12059,810,1400,280,56848,N/A,56848000,40606
12060,660,1170,260,66649,N/A,66649000,56965
12061,5060,9000,2350,438557,N/A,438557000,48729
12062,840,1510,370,56844,N/A,56844000,37645
12063,280,530,140,29085,N/A,29085000,54877
12064,210,390,120,8993,N/A,8993000,23059
12065,22890,41640,11580,2000715,N/A,2000715000,48048
12066,970,1820,470,60184,N/A,60184000,33068
12067,790,1380,330,63354,N/A,63354000,45909
12068,1330,2540,770,71820,N/A,71820000,28276
12070,680,1240,340,47682,N/A,47682000,38453
12071,140,240,70,6058,N/A,6058000,25242
12072,1210,2310,680,68157,N/A,68157000,29505
12074,1560,2880,700,106418,N/A,106418000,36951
12075,1520,2820,750,123521,N/A,123521000,43802
12076,550,1020,260,31978,N/A,31978000,31351
12077,3370,6280,1740,348454,N/A,348454000,55486
12078,9880,17960,5520,473314,N/A,473314000,26354
12083,1880,3400,920,120098,N/A,120098000,35323
12084,2330,4240,1150,198349,N/A,198349000,46780
12085,170,280,80,7382,N/A,7382000,26364
12086,950,1590,330,57265,N/A,57265000,36016
12087,640,1160,310,38134,N/A,38134000,32874
12090,2780,5040,1500,155201,N/A,155201000,30794
12092,560,990,260,28862,N/A,28862000,29154
12093,690,1210,300,35067,N/A,35067000,28981
12094,1160,2190,660,70511,N/A,70511000,32197
12095,5590,9960,2810,293092,N/A,293092000,29427
12106,1340,2310,540,112238,N/A,112238000,48588
12108,230,380,60,12380,N/A,12380000,32579
12110,10360,18660,5100,866467,N/A,866467000,46434
12116,810,1460,360,42101,N/A,42101000,28836
12117,1540,2740,710,84109,N/A,84109000,30697
12118,8330,15180,4160,633006,N/A,633006000,41700
12120,270,520,140,16846,N/A,16846000,32396
12121,960,1720,440,72235,N/A,72235000,41997
12122,1920,3360,860,102581,N/A,102581000,30530
12123,2630,4790,1280,189635,N/A,189635000,39590
12125,750,1290,320,44058,N/A,44058000,34153
12130,520,860,200,28814,N/A,28814000,33505
12131,100,170,40,5239,N/A,5239000,30818
12134,1800,3240,770,111398,N/A,111398000,34382
12136,410,720,140,48458,N/A,48458000,67303
12137,870,1570,380,55635,N/A,55635000,35436
12138,1420,2540,620,84085,N/A,84085000,33104
12139,120,190,30,7891,N/A,7891000,41532
12140,890,1630,440,67682,N/A,67682000,41523
12143,2490,4470,1250,145277,N/A,145277000,32500
12144,10970,18430,4850,710443,N/A,710443000,38548
12147,290,490,110,20085,N/A,20085000,40990
12148,2480,4790,1430,290747,N/A,290747000,60699
12149,1040,1890,560,51922,N/A,51922000,27472
12150,450,780,190,26825,N/A,26825000,34391
12151,500,840,180,39227,N/A,39227000,46699
12153,470,850,200,34965,N/A,34965000,41135
12154,1470,2600,650,100991,N/A,100991000,38843
12155,780,1410,390,36557,N/A,36557000,25927
12156,450,810,220,33257,N/A,33257000,41058
12157,1900,3490,910,119573,N/A,119573000,34262
12158,3230,5990,1740,246916,N/A,246916000,41221
12159,4450,8240,2220,638859,N/A,638859000,77531
12160,420,790,210,25756,N/A,25756000,32603
12164,260,460,100,14966,N/A,14966000,32535
12165,200,370,80,21857,N/A,21857000,59073
12166,650,1270,390,32019,N/A,32019000,25212
12167,1060,1890,470,53388,N/A,53388000,28248
12168,880,1510,340,54775,N/A,54775000,36275
12169,190,350,90,11701,N/A,11701000,33431
12170,2580,4630,1190,179071,N/A,179071000,38676
12173,810,1440,390,49429,N/A,49429000,34326
12175,360,670,190,19995,N/A,19995000,29843
12176,130,250,60,8202,N/A,8202000,32808
12180,24000,39840,11210,1358130,N/A,1358130000,34090
12182,7200,12150,3340,363271,N/A,363271000,29899
12183,1370,2150,580,59588,N/A,59588000,27715
12184,3430,6180,1650,261025,N/A,261025000,42237
12185,950,1810,510,63153,N/A,63153000,34891
12186,3420,6360,1710,344058,N/A,344058000,54097
12187,370,640,150,20923,N/A,20923000,32692
12188,5970,10310,2630,408942,N/A,408942000,39665
12189,9420,15800,4500,539814,N/A,539814000,34165
12190,340,600,140,18286,N/A,18286000,30477
12192,730,1270,330,41964,N/A,41964000,33043
12193,1020,1870,490,68890,N/A,68890000,36840
12196,1580,2990,830,127883,N/A,127883000,42770
12197,980,1810,480,53570,N/A,53570000,29597
12198,4080,7370,2010,314324,N/A,314324000,42649
12202,4290,7430,2860,132641,N/A,132641000,17852
12203,13600,20990,4400,1042616,N/A,1042616000,49672
12204,3960,6640,1920,289282,N/A,289282000,43567
12205,15010,24990,6040,912934,N/A,912934000,36532
12206,7000,12490,4740,242414,N/A,242414000,19409
12207,860,1290,360,40409,N/A,40409000,31325
12208,10150,15910,3640,642467,N/A,642467000,40381
12209,5260,8910,2700,259399,N/A,259399000,29113
12210,4790,7130,1990,208006,N/A,208006000,29173
12211,6100,10950,2810,897586,N/A,897586000,81971
12302,14380,25730,6790,1041634,N/A,1041634000,40483
12303,15160,27870,8500,1007583,N/A,1007583000,36153
12304,10390,18110,5530,477039,N/A,477039000,26341
12305,2210,2930,540,107157,N/A,107157000,36572
12306,14150,24280,6380,840586,N/A,840586000,34621
12307,2960,5790,2510,73333,N/A,73333000,12665
12308,6320,11120,3730,277596,N/A,277596000,24964
12309,15520,29480,8480,1594635,N/A,1594635000,54092
12401,16450,28110,7860,957139,N/A,957139000,34050
12404,1690,2950,750,127868,N/A,127868000,43345
12405,320,560,140,16768,N/A,16768000,29943
12406,310,510,110,14966,N/A,14966000,29345
12407,130,240,60,6456,N/A,6456000,26900
12409,500,790,150,50034,N/A,50034000,63334
12410,150,260,60,11889,N/A,11889000,45727
12411,270,460,110,16394,N/A,16394000,35639
12412,320,540,120,19951,N/A,19951000,36946
12413,1450,2530,690,69723,N/A,69723000,27558
12414,4770,8120,2170,257226,N/A,257226000,31678
12418,250,450,100,15255,N/A,15255000,33900
12419,330,610,160,24633,N/A,24633000,40382
12421,160,270,50,13847,N/A,13847000,51285
12422,140,240,60,7956,N/A,7956000,33150
12423,500,850,200,25890,N/A,25890000,30459
12424,110,170,30,6357,N/A,6357000,37394
12427,210,430,130,10013,N/A,10013000,23286
12428,2660,5070,1790,127854,N/A,127854000,25218
12430,450,760,170,24975,N/A,24975000,32862
12431,710,1300,370,43961,N/A,43961000,33816
12433,200,340,60,16474,N/A,16474000,48453
12434,320,570,150,13334,N/A,13334000,23393
12435,160,290,70,9813,N/A,9813000,33838
12439,200,350,90,11845,N/A,11845000,33843
12440,970,1590,340,70025,N/A,70025000,44041
12442,460,730,150,27328,N/A,27328000,37436
12443,2030,3640,900,175210,N/A,175210000,48135
12444,140,240,50,10736,N/A,10736000,44733
12446,2250,4170,1200,135755,N/A,135755000,32555
12448,120,190,30,11913,N/A,11913000,62700
12449,1640,2790,700,89951,N/A,89951000,32241
12451,850,1440,350,46633,N/A,46633000,32384
12454,100,200,30,6181,N/A,6181000,30905
12455,750,1280,290,40015,N/A,40015000,31262
12456,410,700,200,19024,N/A,19024000,27177
12457,320,510,100,22228,N/A,22228000,43584
12458,1060,1930,530,54690,N/A,54690000,28337
12460,150,240,40,8140,N/A,8140000,33917
12461,790,1370,310,61905,N/A,61905000,45186
12463,750,1300,320,47991,N/A,47991000,36916
12464,450,690,140,27278,N/A,27278000,39533
12465,100,190,60,4915,N/A,4915000,25868
12466,1550,2510,560,99173,N/A,99173000,39511
12468,510,880,220,24554,N/A,24554000,27902
12469,320,580,130,18683,N/A,18683000,32212
12470,240,430,140,11497,N/A,11497000,26737
12472,850,1330,260,46230,N/A,46230000,34759
12473,470,810,210,26734,N/A,26734000,33005
12474,530,920,210,35519,N/A,35519000,38608
12477,9000,15460,3920,556871,N/A,556871000,36020
12480,280,420,110,14811,N/A,14811000,35264
12481,680,1150,250,52037,N/A,52037000,45250
12482,330,540,140,13218,N/A,13218000,24478
12484,1440,2550,630,135121,N/A,135121000,52989
12485,500,880,230,26373,N/A,26373000,29969
12486,780,1330,300,52346,N/A,52346000,39358
12487,1500,2670,680,105964,N/A,105964000,39687
12491,1000,1690,390,68569,N/A,68569000,40573
12492,100,150,0,8000,N/A,8000000,53333
12494,320,530,100,22753,N/A,22753000,42930
12495,140,230,30,12539,N/A,12539000,54517
12496,690,1210,290,46563,N/A,46563000,38482
12498,2300,3720,670,251320,N/A,251320000,67559
12501,980,1680,440,77190,N/A,77190000,45946
12502,490,840,190,34361,N/A,34361000,40906
12503,300,510,120,27057,N/A,27057000,53053
12508,8950,15140,3970,613417,N/A,613417000,40516
12513,580,940,170,46466,N/A,46466000,49432
12514,1400,2490,600,141110,N/A,141110000,56671
12515,850,1460,370,47335,N/A,47335000,32421
12516,760,1310,340,48566,N/A,48566000,37073
12517,200,340,90,15206,N/A,15206000,44724
12518,3090,5650,1660,279091,N/A,279091000,49397
12520,1690,3190,920,178597,N/A,178597000,55987
12521,740,1280,270,54932,N/A,54932000,42916
12522,2250,4040,1130,139170,N/A,139170000,34448
12523,920,1600,400,54961,N/A,54961000,34351
12524,8180,14130,3590,662506,N/A,662506000,46886
12525,1790,3080,780,147420,N/A,147420000,47864
12526,1810,3170,790,147597,N/A,147597000,46561
12528,7030,12460,3510,491939,N/A,491939000,39481
12529,1190,2020,480,106471,N/A,106471000,52708
12531,1610,3040,860,152684,N/A,152684000,50225
12533,13110,25590,8060,1321835,N/A,1321835000,51654
12534,7740,12950,3400,456439,N/A,456439000,35246
12538,6790,11770,3030,467664,N/A,467664000,39734
12540,3850,7340,2250,412141,N/A,412141000,56150
12542,2970,5490,1610,219931,N/A,219931000,40060
12543,1650,2950,930,89392,N/A,89392000,30302
12545,2200,3770,950,344301,N/A,344301000,91327
12546,1380,2370,610,104934,N/A,104934000,44276
12547,1570,2690,700,116936,N/A,116936000,43471
12548,790,1410,400,51219,N/A,51219000,36326
12549,5280,9920,3010,447168,N/A,447168000,45077
12550,26240,48130,16750,1606298,N/A,1606298000,33374
12553,13500,24340,7550,922938,N/A,922938000,37919
12561,7340,12350,3090,634289,N/A,634289000,51359
12563,3650,6680,1830,282996,N/A,282996000,42365
12564,3600,6570,1830,328139,N/A,328139000,49945
12565,740,1340,380,36637,N/A,36637000,27341
12566,5300,9780,2880,379206,N/A,379206000,38774
12567,1250,2210,590,103049,N/A,103049000,46629
12569,5150,9260,2550,447231,N/A,447231000,48297
12570,3490,6820,2160,351802,N/A,351802000,51584
12571,4660,8530,2320,406648,N/A,406648000,47673
12572,4550,7760,1750,637467,N/A,637467000,82148
12575,1190,2350,760,109711,N/A,109711000,46686
12577,1070,2100,690,94575,N/A,94575000,45036
12578,1140,2070,520,108858,N/A,108858000,52588
12580,1870,3360,880,166112,N/A,166112000,49438
12581,1040,1820,420,88546,N/A,88546000,48652
12582,2330,4430,1260,217946,N/A,217946000,49198
12583,1060,1870,500,76216,N/A,76216000,40757
12585,440,810,220,40596,N/A,40596000,50119
12586,6250,11880,3760,417686,N/A,417686000,35159
12589,7060,12770,3550,494937,N/A,494937000,38758
12590,18890,34020,9580,1436975,N/A,1436975000,42239
12592,540,950,260,33546,N/A,33546000,35312
12594,2000,3740,1120,132630,N/A,132630000,35463
12601,18470,32450,10730,977516,N/A,977516000,30124
12603,21440,39280,11620,1696470,N/A,1696470000,43189
12701,4910,8970,3150,218507,N/A,218507000,24360
12719,430,770,190,26401,N/A,26401000,34287
12720,100,180,40,12850,N/A,12850000,71389
12721,3010,6310,2260,197159,N/A,197159000,31245
12723,750,1230,270,47634,N/A,47634000,38727
12725,130,230,50,8602,N/A,8602000,37400
12726,450,840,210,29582,N/A,29582000,35217
12729,810,1430,370,45276,N/A,45276000,31662
12732,380,650,150,27703,N/A,27703000,42620
12733,250,1110,710,10448,N/A,10448000,9413
12734,520,970,310,27262,N/A,27262000,28105
12737,830,1560,440,54572,N/A,54572000,34982
12738,110,190,60,5454,N/A,5454000,28705
12740,890,1670,450,60687,N/A,60687000,36340
12741,140,220,60,6730,N/A,6730000,30591
12742,160,250,70,7194,N/A,7194000,28776
12743,150,260,70,9609,N/A,9609000,36958
12746,560,1000,270,29622,N/A,29622000,29622
12747,770,1330,340,41481,N/A,41481000,31189
12748,890,1590,420,59692,N/A,59692000,37542
12751,450,1240,640,17518,N/A,17518000,14127
12752,150,240,50,8930,N/A,8930000,37208
12754,2890,5530,2040,139044,N/A,139044000,25144
12758,1800,3120,830,105093,N/A,105093000,33684
12759,690,1320,490,25522,N/A,25522000,19335
12760,190,370,90,11813,N/A,11813000,31927
12762,250,430,120,13007,N/A,13007000,30249
12763,370,710,240,19476,N/A,19476000,27431
12764,750,1330,330,46876,N/A,46876000,35245
12765,440,830,240,29581,N/A,29581000,35640
12766,170,280,80,7638,N/A,7638000,27279
12768,450,760,180,25239,N/A,25239000,33209
12771,6310,11750,3790,351433,N/A,351433000,29909
12775,1320,2350,660,101957,N/A,101957000,43386
12776,820,1440,380,51364,N/A,51364000,35669
12777,360,620,130,28466,N/A,28466000,45913
12779,1030,2090,860,52846,N/A,52846000,25285
12780,1160,2150,620,72472,N/A,72472000,33708
12783,570,1050,310,31954,N/A,31954000,30432
12786,290,480,100,22955,N/A,22955000,47823
12787,210,380,90,12040,N/A,12040000,31684
12788,920,1720,530,57834,N/A,57834000,33624
12789,800,1550,580,41894,N/A,41894000,27028
12790,2280,3900,970,138986,N/A,138986000,35637
12791,330,550,150,20296,N/A,20296000,36902
12792,190,310,70,12310,N/A,12310000,39710
12801,7580,12510,3250,379497,N/A,379497000,30335
12803,4550,7850,2130,234628,N/A,234628000,29889
12804,13940,24470,6440,1014024,N/A,1014024000,41439
12808,170,280,40,15001,N/A,15001000,53575
12809,1610,2950,760,90395,N/A,90395000,30642
12810,310,540,140,14591,N/A,14591000,27020
12814,880,1350,210,66853,N/A,66853000,49521
12815,490,860,200,31681,N/A,31681000,36838
12816,2070,3800,1030,121213,N/A,121213000,31898
12817,1180,2020,440,71609,N/A,71609000,35450
12819,150,290,90,6039,N/A,6039000,20824
12821,140,250,70,6679,N/A,6679000,26716
12822,2880,5350,1550,147309,N/A,147309000,27534
12823,150,290,60,9609,N/A,9609000,33134
12824,440,690,130,35035,N/A,35035000,50775
12827,1890,3460,910,101880,N/A,101880000,29445
12828,4720,8290,2110,244572,N/A,244572000,29502
12831,8810,16520,4830,704777,N/A,704777000,42662
12832,2780,5210,1460,139607,N/A,139607000,26796
12833,2270,4270,1190,224155,N/A,224155000,52495
12834,3240,5770,1510,200233,N/A,200233000,34702
12835,1260,2230,490,70488,N/A,70488000,31609
12836,290,480,80,18220,N/A,18220000,37958
12837,350,610,150,16763,N/A,16763000,27480
12838,330,560,140,14624,N/A,14624000,26114
12839,6430,11230,3170,293618,N/A,293618000,26146
12842,590,930,150,30775,N/A,30775000,33091
12843,260,490,120,14303,N/A,14303000,29190
12844,130,230,20,16164,N/A,16164000,70278
12845,2650,4340,910,197239,N/A,197239000,45447
12846,1590,2740,620,87861,N/A,87861000,32066
12847,350,580,90,21353,N/A,21353000,36816
12849,280,500,110,15307,N/A,15307000,30614
12850,1390,2600,700,111590,N/A,111590000,42919
12851,150,230,50,6452,N/A,6452000,28052
12852,200,370,110,11257,N/A,11257000,30424
12853,640,1140,290,30575,N/A,30575000,26820
12855,110,210,40,5439,N/A,5439000,25900
12857,260,470,100,13416,N/A,13416000,28545
12859,1000,1890,550,61811,N/A,61811000,32704
12860,370,630,150,15330,N/A,15330000,24333
12861,280,510,130,20530,N/A,20530000,40255
12863,370,720,240,27209,N/A,27209000,37790
12865,1650,3010,800,90204,N/A,90204000,29968
12866,20150,33740,8130,4856017,N/A,4856017000,143925
12870,810,1530,390,46196,N/A,46196000,30193
12871,1990,3590,1040,123334,N/A,123334000,34355
12873,390,640,120,22747,N/A,22747000,35542
12878,310,530,120,13991,N/A,13991000,26398
12883,2260,3990,1140,115761,N/A,115761000,29013
12885,2160,3760,990,101051,N/A,101051000,26875
12886,110,190,50,6439,N/A,6439000,33889
12887,2150,4080,1250,105654,N/A,105654000,25896
12901,14340,24230,6270,815882,N/A,815882000,33672
12903,910,1420,280,60974,N/A,60974000,42939
12910,750,1420,400,36656,N/A,36656000,25814
12912,990,1790,480,48411,N/A,48411000,27045
12913,550,940,230,29328,N/A,29328000,31200
12914,340,690,230,14925,N/A,14925000,21630
12916,950,1850,600,43327,N/A,43327000,23420
12917,600,1310,480,28481,N/A,28481000,21741
12918,1170,2160,570,67232,N/A,67232000,31126
12919,1600,2970,860,83691,N/A,83691000,28179
12920,1050,1990,570,57442,N/A,57442000,28865
12921,1270,2260,600,80886,N/A,80886000,35790
12923,240,430,110,10741,N/A,10741000,24979
12926,890,1740,520,38358,N/A,38358000,22045
12928,920,1740,490,46835,N/A,46835000,26917
12930,310,560,150,13834,N/A,13834000,24704
12932,640,1070,230,37893,N/A,37893000,35414
12934,420,840,240,20552,N/A,20552000,24467
12935,680,1300,360,35249,N/A,35249000,27115
12936,320,540,120,18986,N/A,18986000,35159
12937,590,1180,370,25614,N/A,25614000,21707
12941,660,1150,250,38638,N/A,38638000,33598
12942,320,530,110,32120,N/A,32120000,60604
12943,220,350,60,12784,N/A,12784000,36526
12944,1860,3340,900,91064,N/A,91064000,27265
12945,330,560,120,19404,N/A,19404000,34650
12946,2780,4420,960,199589,N/A,199589000,45156
12950,400,700,200,17044,N/A,17044000,24349
12952,240,430,110,11414,N/A,11414000,26544
12953,4760,8810,2590,248267,N/A,248267000,28180
12955,170,270,60,7383,N/A,7383000,27344
12956,530,940,250,24492,N/A,24492000,26055
12957,690,1320,400,29634,N/A,29634000,22450
12958,870,1630,430,45176,N/A,45176000,27715
12959,610,1150,310,29733,N/A,29733000,25855
12960,520,950,290,27097,N/A,27097000,28523
12961,110,170,40,5450,N/A,5450000,32059
12962,2660,5070,1360,173293,N/A,173293000,34180
12965,240,490,170,10701,N/A,10701000,21839
12966,1250,2460,780,57717,N/A,57717000,23462
12967,460,980,360,21714,N/A,21714000,22157
12969,170,310,60,9011,N/A,9011000,29068
12970,170,250,40,8134,N/A,8134000,32536
12972,3100,5810,1600,200626,N/A,200626000,34531
12974,660,1180,320,31372,N/A,31372000,26586
12978,180,340,70,9170,N/A,9170000,26971
12979,1210,2100,550,68519,N/A,68519000,32628
12980,560,1040,310,25407,N/A,25407000,24430
12981,1100,1980,490,63522,N/A,63522000,32082
12983,3550,5900,1400,227442,N/A,227442000,38549
12985,470,850,230,22307,N/A,22307000,26244
12986,2630,4540,1180,146885,N/A,146885000,32354
12987,120,220,60,6287,N/A,6287000,28577
12989,450,780,150,26981,N/A,26981000,34591
12992,2380,4470,1230,124698,N/A,124698000,27897
12993,770,1340,300,45140,N/A,45140000,33687
12996,930,1620,360,52143,N/A,52143000,32187
12997,620,1010,210,33670,N/A,33670000,33337
12998,220,430,160,8757,N/A,8757000,20365
13021,18360,31630,8670,1067007,N/A,1067007000,33734
13026,590,1050,260,40319,N/A,40319000,38399
13027,17320,31820,8970,1347038,N/A,1347038000,42333
13028,590,1050,250,31591,N/A,31591000,30087
13029,3610,6630,1810,281962,N/A,281962000,42528
13030,2010,3520,830,132536,N/A,132536000,37652
13031,8730,15460,4110,641344,N/A,641344000,41484
13032,5950,10750,2970,325691,N/A,325691000,30297
13033,1740,3440,1060,95159,N/A,95159000,27663
13034,850,1610,440,52089,N/A,52089000,32353
13035,3830,7300,2090,454717,N/A,454717000,62290
13036,4240,7710,2130,237460,N/A,237460000,30799
13037,4460,8410,2440,292543,N/A,292543000,34785
13039,9080,16860,4900,685635,N/A,685635000,40666
13040,1180,2290,680,57389,N/A,57389000,25061
13041,5880,11400,3410,421597,N/A,421597000,36982
13042,1030,1900,530,54608,N/A,54608000,28741
13044,1200,2270,630,76593,N/A,76593000,33741
13045,11290,19840,5530,636297,N/A,636297000,32071
13052,840,1570,420,45643,N/A,45643000,29072
13053,2120,3740,970,132349,N/A,132349000,35387
13054,710,1330,380,37568,N/A,37568000,28247
13057,7830,13340,3450,473041,N/A,473041000,35460
13060,1380,2450,630,81026,N/A,81026000,33072
13061,480,860,210,36392,N/A,36392000,42316
13063,870,1750,530,64242,N/A,64242000,36710
13066,6670,12200,3390,939444,N/A,939444000,77004
13068,2580,4560,1170,154419,N/A,154419000,33864
13069,10710,20300,6350,531662,N/A,531662000,26190
13071,450,840,220,23438,N/A,23438000,27902
13072,340,620,150,15650,N/A,15650000,25242
13073,3000,5550,1520,168846,N/A,168846000,30423
13074,1840,3600,1130,92110,N/A,92110000,25586
13076,1100,2100,610,64348,N/A,64348000,30642
13077,3300,6030,1760,193180,N/A,193180000,32036
13078,4620,9080,2660,740315,N/A,740315000,81532
13080,1670,3010,760,102083,N/A,102083000,33915
13081,490,890,200,34735,N/A,34735000,39028
13082,2330,4070,1040,131448,N/A,131448000,32297
13083,790,1570,490,42780,N/A,42780000,27248
13084,2240,4060,1070,162740,N/A,162740000,40084
13088,12060,19880,4830,705062,N/A,705062000,35466
13090,15850,28240,8050,1043564,N/A,1043564000,36953
13092,1140,2280,710,60135,N/A,60135000,26375
13101,1210,2270,690,58241,N/A,58241000,25657
13103,150,300,100,5649,N/A,5649000,18830
13104,7750,15690,5100,1111712,N/A,1111712000,70855
13108,3110,5770,1590,246657,N/A,246657000,42748
13110,1160,2050,480,86482,N/A,86482000,42186
13111,710,1380,440,31951,N/A,31951000,23153
13112,940,1700,430,61716,N/A,61716000,36304
13114,3010,5790,1730,175968,N/A,175968000,30392
13116,1770,3340,990,109479,N/A,109479000,32778
13118,2400,4490,1280,131154,N/A,131154000,29210
13120,1070,2090,760,50478,N/A,50478000,24152
13122,510,1000,300,33712,N/A,33712000,33712
13126,14340,25760,7190,843347,N/A,843347000,32739
13131,1770,3310,980,91835,N/A,91835000,27745
13132,1910,3490,920,109083,N/A,109083000,31256
13135,3050,5810,1700,179631,N/A,179631000,30918
13136,200,390,120,8775,N/A,8775000,22500
13140,1930,3620,1060,93726,N/A,93726000,25891
13141,330,610,170,16038,N/A,16038000,26292
13142,2830,5310,1530,159407,N/A,159407000,30020
13143,1160,2310,730,58490,N/A,58490000,25320
13144,530,1060,360,23308,N/A,23308000,21989
13145,840,1560,440,44587,N/A,44587000,28581
13146,890,1820,600,44072,N/A,44072000,24215
13147,490,890,250,25970,N/A,25970000,29180
13148,5020,8970,2530,274536,N/A,274536000,30606
13152,4120,7600,2050,615691,N/A,615691000,81012
13155,270,510,150,13300,N/A,13300000,26078
13156,860,1630,460,49543,N/A,49543000,30394
13158,620,1170,370,30227,N/A,30227000,25835
13159,2590,4750,1260,198215,N/A,198215000,41729
13160,960,1820,540,58876,N/A,58876000,32349
13164,1260,2640,900,98619,N/A,98619000,37356
13165,5070,9140,2640,241799,N/A,241799000,26455
13166,2600,4700,1280,143880,N/A,143880000,30613
13167,1610,3050,890,94192,N/A,94192000,30883
13202,2160,3630,1260,105772,N/A,105772000,29138
13203,6400,11430,4050,266474,N/A,266474000,23314
13204,7920,14010,5420,275459,N/A,275459000,19662
13205,7070,12830,4890,240847,N/A,240847000,18772
13206,8320,13810,4020,351082,N/A,351082000,25422
13207,6010,10790,3780,269934,N/A,269934000,25017
13208,9390,18080,7010,309937,N/A,309937000,17143
13209,6840,11610,2980,356251,N/A,356251000,30685
13210,6310,9880,2820,291432,N/A,291432000,29497
13211,3240,5710,1790,125204,N/A,125204000,21927
13212,10720,17870,4400,568011,N/A,568011000,31786
13214,3780,6710,1910,272622,N/A,272622000,40629
13215,7230,13580,3930,649940,N/A,649940000,47860
13219,8320,14400,3770,517398,N/A,517398000,35930
13224,4140,7320,2210,338956,N/A,338956000,46305
13302,670,1260,390,28810,N/A,28810000,22865
13303,550,1040,300,32908,N/A,32908000,31642
13304,920,1630,410,79864,N/A,79864000,48996
13308,1530,2890,840,77125,N/A,77125000,26687
13309,2650,4870,1390,139790,N/A,139790000,28704
13310,300,560,150,14619,N/A,14619000,26105
13314,190,360,110,8778,N/A,8778000,24383
13315,610,1170,340,31280,N/A,31280000,26735
13316,2850,5560,1710,144799,N/A,144799000,26043
13317,1670,3240,1000,85448,N/A,85448000,26373
13318,610,1150,310,34624,N/A,34624000,30108
13319,430,760,220,19385,N/A,19385000,25507
13320,930,1680,450,48170,N/A,48170000,28673
13322,550,1030,300,32563,N/A,32563000,31615
13323,4900,8510,2070,384412,N/A,384412000,45172
13324,910,1690,450,46692,N/A,46692000,27628
13325,420,810,230,19727,N/A,19727000,24354
13326,2540,4290,1010,219025,N/A,219025000,51055
13327,960,1980,600,48243,N/A,48243000,24365
13328,530,970,230,34076,N/A,34076000,35130
13329,1580,3070,910,73823,N/A,73823000,24047
13331,130,210,30,8457,N/A,8457000,40271
13332,1090,2230,750,54872,N/A,54872000,24606
13334,570,1090,300,28557,N/A,28557000,26199
13335,730,1370,380,39982,N/A,39982000,29184
13337,410,670,140,33551,N/A,33551000,50076
13338,620,1040,210,30008,N/A,30008000,28854
13339,2570,5190,1780,116014,N/A,116014000,22353
13340,3770,6810,1890,204240,N/A,204240000,29991
13343,770,1450,430,42101,N/A,42101000,29035
13346,1860,3250,790,154964,N/A,154964000,47681
13348,620,1140,330,32213,N/A,32213000,28257
13350,3960,7020,1980,192604,N/A,192604000,27436
13354,1600,3110,900,102321,N/A,102321000,32901
13355,380,710,210,19246,N/A,19246000,27107
13357,4580,8580,2620,221539,N/A,221539000,25820
13360,230,360,70,11993,N/A,11993000,33314
13361,280,630,230,12350,N/A,12350000,19603
13363,1070,2050,560,62925,N/A,62925000,30695
13365,3730,6980,2100,199322,N/A,199322000,28556
13367,3610,7160,2200,198819,N/A,198819000,27768
13368,520,1000,300,24962,N/A,24962000,24962
13402,660,1260,400,32397,N/A,32397000,25712
13403,2560,4360,1030,165927,N/A,165927000,38057
13406,250,480,120,13148,N/A,13148000,27392
13407,2370,4210,1140,112522,N/A,112522000,26727
13408,1120,2050,580,58539,N/A,58539000,28556
13409,1090,2050,610,51696,N/A,51696000,25218
13411,1390,2710,860,62413,N/A,62413000,23031
13413,7800,14160,3850,754039,N/A,754039000,53251
13416,1000,1990,610,58037,N/A,58037000,29164
13417,1700,2730,660,83708,N/A,83708000,30662
13420,860,1380,260,59035,N/A,59035000,42779
13421,6200,11040,3190,340999,N/A,340999000,30888
13424,1130,1980,560,66878,N/A,66878000,33777
13425,890,1620,470,44280,N/A,44280000,27333
13428,630,1240,390,31477,N/A,31477000,25385
13431,890,1710,470,55445,N/A,55445000,32424
13433,710,1410,440,29215,N/A,29215000,20720
13437,180,340,70,8369,N/A,8369000,24615
13438,1630,3040,770,96737,N/A,96737000,31821
13439,1700,3100,800,86664,N/A,86664000,27956
13440,18200,32860,9570,965900,N/A,965900000,29394
13450,100,200,40,5568,N/A,5568000,27840
13452,1890,3690,1170,85995,N/A,85995000,23305
13454,370,680,180,16681,N/A,16681000,24531
13456,2010,3770,1080,131384,N/A,131384000,34850
13459,930,1680,460,45961,N/A,45961000,27358
13460,2120,3790,1030,102708,N/A,102708000,27100
13461,1610,2900,740,104623,N/A,104623000,36077
13464,530,970,290,20850,N/A,20850000,21495
13468,220,430,120,12541,N/A,12541000,29165
13469,380,710,200,23685,N/A,23685000,33359
13470,270,500,130,12899,N/A,12899000,25798
13471,1350,2580,780,59507,N/A,59507000,23065
13473,340,650,180,16791,N/A,16791000,25832
13476,1610,2930,850,92160,N/A,92160000,31454
13477,640,1150,300,32675,N/A,32675000,28413
13478,1500,2790,810,80258,N/A,80258000,28766
13480,1550,2880,780,84321,N/A,84321000,29278
13483,140,270,100,5541,N/A,5541000,20522
13485,480,1010,360,23739,N/A,23739000,23504
13486,400,720,190,21132,N/A,21132000,29350
13488,130,220,60,5404,N/A,5404000,24564
13489,290,580,170,15205,N/A,15205000,26216
13490,700,1200,290,40486,N/A,40486000,33738
13491,1680,3220,950,90337,N/A,90337000,28055
13492,6010,10530,2720,418011,N/A,418011000,39697
13493,860,1680,520,38050,N/A,38050000,22649
13494,160,260,50,6589,N/A,6589000,25342
13495,1070,1810,510,50905,N/A,50905000,28124
13501,15540,30390,11540,636321,N/A,636321000,20938
13502,14380,25510,7880,652279,N/A,652279000,25570
13601,16130,29750,8950,836344,N/A,836344000,28112
13603,3540,10450,4530,161025,N/A,161025000,15409
13605,1930,3870,1260,105881,N/A,105881000,27359
13606,1220,2380,710,68992,N/A,68992000,28988
13607,960,1580,330,59606,N/A,59606000,37725
13608,600,1240,410,30700,N/A,30700000,24758
13612,1160,2330,720,62908,N/A,62908000,26999
13613,1040,2140,670,50123,N/A,50123000,23422
13614,130,240,80,4187,N/A,4187000,17446
13616,750,1430,390,31787,N/A,31787000,22229
13617,3880,6980,1860,241621,N/A,241621000,34616
13618,900,1610,370,52704,N/A,52704000,32735
13619,4140,8290,2660,211799,N/A,211799000,25549
13620,890,1890,660,44382,N/A,44382000,23483
13621,260,550,190,13861,N/A,13861000,25202
13622,1040,1980,560,60530,N/A,60530000,30571
13624,2140,3790,920,137967,N/A,137967000,36403
13625,900,1700,440,52178,N/A,52178000,30693
13626,930,1780,510,50360,N/A,50360000,28292
13630,530,1040,320,24626,N/A,24626000,23679
13634,1830,3490,950,107302,N/A,107302000,30746
13635,420,870,280,20636,N/A,20636000,23720
13636,120,250,80,6331,N/A,6331000,25324
13637,2060,4040,1210,91459,N/A,91459000,22638
13638,170,390,160,7202,N/A,7202000,18467
13640,250,440,90,26517,N/A,26517000,60266
13642,3410,6770,2180,176052,N/A,176052000,26005
13646,900,1630,440,43370,N/A,43370000,26607
13648,950,1820,500,51230,N/A,51230000,28148
13650,590,1130,310,35669,N/A,35669000,31565
13652,770,1580,530,35546,N/A,35546000,22497
13654,850,1630,480,41538,N/A,41538000,25483
13655,1660,3850,1840,59932,N/A,59932000,15567
13656,1150,2300,760,55689,N/A,55689000,24213
13658,1050,2100,640,55621,N/A,55621000,26486
13659,240,450,120,11613,N/A,11613000,25807
13660,850,1720,540,42951,N/A,42951000,24972
13661,650,1360,450,35367,N/A,35367000,26005
13662,6960,12960,3870,357758,N/A,357758000,27605
13664,230,420,100,14984,N/A,14984000,35676
13665,370,710,200,16542,N/A,16542000,23299
13667,1400,2630,820,63924,N/A,63924000,24306
13668,1460,2710,780,76894,N/A,76894000,28374
13669,6300,11730,3560,342908,N/A,342908000,29233
13670,130,260,80,5631,N/A,5631000,21658
13672,330,550,130,15923,N/A,15923000,28951
13673,950,1950,680,45372,N/A,45372000,23268
13676,4850,8890,2540,308422,N/A,308422000,34693
13679,810,1540,430,45555,N/A,45555000,29581
13680,450,960,320,21911,N/A,21911000,22824
13681,330,730,250,16703,N/A,16703000,22881
13682,420,840,250,24565,N/A,24565000,29244
13684,470,980,290,23297,N/A,23297000,23772
13685,1170,2100,530,80020,N/A,80020000,38105
13687,240,440,90,13754,N/A,13754000,31259
13690,350,630,160,18346,N/A,18346000,29121
13691,1280,2600,800,68840,N/A,68840000,26477
13693,260,480,90,17665,N/A,17665000,36802
13694,760,1340,370,47130,N/A,47130000,35172
13696,100,200,60,4797,N/A,4797000,23985
13697,970,1940,610,45684,N/A,45684000,23548
13730,1250,2290,600,61163,N/A,61163000,26709
13731,460,740,110,34017,N/A,34017000,45969
13732,3750,7230,2040,275858,N/A,275858000,38155
13733,2250,4180,1150,113864,N/A,113864000,27240
13734,990,1900,560,48189,N/A,48189000,25363
13736,1080,2160,680,53903,N/A,53903000,24955
13739,420,740,180,20085,N/A,20085000,27142
13740,240,410,90,16660,N/A,16660000,40634
13743,1660,3230,950,88811,N/A,88811000,27496
13744,550,1000,270,28731,N/A,28731000,28731
13746,1240,2250,550,69695,N/A,69695000,30976
13748,1780,3240,880,95593,N/A,95593000,29504
13750,490,910,270,23304,N/A,23304000,25609
13751,120,190,60,4750,N/A,4750000,25000
13752,320,570,150,18695,N/A,18695000,32798
13753,1920,3400,860,122586,N/A,122586000,36055
13754,1320,2480,730,61404,N/A,61404000,24760
13755,590,1010,230,27213,N/A,27213000,26944
13756,190,350,80,8463,N/A,8463000,24180
13757,470,870,220,26687,N/A,26687000,30675
13760,21420,37590,10120,1269272,N/A,1269272000,33766
13775,760,1350,330,42153,N/A,42153000,31224
13776,290,500,110,16685,N/A,16685000,33370
13777,380,740,240,18110,N/A,18110000,24473
13778,2670,4870,1300,146708,N/A,146708000,30125
13780,470,940,280,25713,N/A,25713000,27354
13782,280,490,110,14404,N/A,14404000,29396
13783,980,1770,500,47802,N/A,47802000,27007
13786,160,300,60,8450,N/A,8450000,28167
13787,1520,2950,890,68714,N/A,68714000,23293
13788,400,750,200,21912,N/A,21912000,29216
13790,8430,14410,3960,410238,N/A,410238000,28469
13795,1760,3250,910,91661,N/A,91661000,28203
13796,580,1020,250,31176,N/A,31176000,30565
13797,930,1820,580,44239,N/A,44239000,24307
13801,530,1010,290,22179,N/A,22179000,21959
13802,410,750,220,21507,N/A,21507000,28676
13803,1880,3760,1220,91121,N/A,91121000,24234
13804,190,350,90,10408,N/A,10408000,29737
13807,600,1050,270,32460,N/A,32460000,30914
13808,780,1440,370,40905,N/A,40905000,28406
13809,690,1320,370,33676,N/A,33676000,25512
13810,550,940,240,27080,N/A,27080000,28809
13811,1990,3770,1070,106798,N/A,106798000,28328
13812,1010,1940,560,50196,N/A,50196000,25874
13813,420,740,180,19073,N/A,19073000,25774
13815,5940,10770,3090,326783,N/A,326783000,30342
13820,7870,13320,3380,443706,N/A,443706000,33311
13825,1530,2750,710,77839,N/A,77839000,28305
13827,5310,9790,2690,320171,N/A,320171000,32704
13830,2040,3820,1050,101833,N/A,101833000,26658
13832,260,530,170,10393,N/A,10393000,19609
13833,1930,3570,990,107030,N/A,107030000,29980
13835,620,1190,370,29322,N/A,29322000,24640
13838,1920,3460,1040,91463,N/A,91463000,26434
13839,620,1130,320,28920,N/A,28920000,25593
13841,240,430,130,10904,N/A,10904000,25358
13842,190,350,90,11278,N/A,11278000,32223
13843,750,1430,380,37442,N/A,37442000,26183
13844,340,620,160,15173,N/A,15173000,24473
13846,160,290,70,8113,N/A,8113000,27976
13849,2040,3680,970,108362,N/A,108362000,29446
13850,9980,18550,5050,877629,N/A,877629000,47312
13856,2690,4860,1300,127120,N/A,127120000,26156
13861,330,570,150,19608,N/A,19608000,34400
13862,1900,3620,1080,94704,N/A,94704000,26161
13863,190,390,110,8577,N/A,8577000,21992
13864,540,950,240,24631,N/A,24631000,25927
13865,2720,5210,1500,144874,N/A,144874000,27807
13901,8550,15160,4420,471735,N/A,471735000,31117
13903,8430,14770,4110,514278,N/A,514278000,34819
13904,4080,7140,1970,195530,N/A,195530000,27385
13905,10890,17830,4640,566935,N/A,566935000,31797
14001,4750,8510,2160,303916,N/A,303916000,35713
14004,5440,9810,2560,342107,N/A,342107000,34873
14005,970,1760,530,50426,N/A,50426000,28651
14006,4660,8070,2040,261290,N/A,261290000,32378
14008,750,1320,340,38980,N/A,38980000,29530
14009,2580,4780,1340,139367,N/A,139367000,29156
14011,2900,5180,1360,162840,N/A,162840000,31436
14012,1090,2110,610,57454,N/A,57454000,27229
14013,700,1340,420,34373,N/A,34373000,25651
14020,10210,17660,4770,525873,N/A,525873000,29778
14024,720,1400,410,40940,N/A,40940000,29243
14025,1580,2860,730,111526,N/A,111526000,38995
14026,440,790,180,30038,N/A,30038000,38023
14028,750,1370,380,45232,N/A,45232000,33016
14030,710,1320,330,38076,N/A,38076000,28845
14031,5110,9570,2640,688276,N/A,688276000,71920
14032,4510,9090,2990,556111,N/A,556111000,61178
14033,1170,2150,540,91977,N/A,91977000,42780
14034,850,1560,420,44503,N/A,44503000,28528
14036,2390,4360,1110,141412,N/A,141412000,32434
14037,610,1070,270,39165,N/A,39165000,36603
14040,1110,2010,500,65800,N/A,65800000,32736
14042,1720,3310,1020,79248,N/A,79248000,23942
14043,13060,21390,4860,694144,N/A,694144000,32452
14047,3210,5580,1390,208941,N/A,208941000,37445
14048,6420,11510,3530,272632,N/A,272632000,23687
14051,10620,20310,5930,1286711,N/A,1286711000,63354
14052,9130,16610,4460,910625,N/A,910625000,54824
14054,630,1250,370,35983,N/A,35983000,28786
14055,690,1310,330,44584,N/A,44584000,34034
14057,4140,7570,2050,291943,N/A,291943000,38566
14058,960,1880,560,58274,N/A,58274000,30997
14059,5030,9000,2170,471276,N/A,471276000,52364
14060,190,370,100,9093,N/A,9093000,24576
14062,1570,2820,740,79816,N/A,79816000,28304
14063,5130,9070,2440,313010,N/A,313010000,34510
14065,750,1520,490,35313,N/A,35313000,23232
14066,490,930,280,24954,N/A,24954000,26832
14067,2470,4440,1170,134188,N/A,134188000,30223
14068,3640,6720,1830,344064,N/A,344064000,51200
14069,430,770,190,30376,N/A,30376000,39449
14070,2240,4020,1180,112956,N/A,112956000,28099
14072,11200,20490,5640,928306,N/A,928306000,45305
14075,23100,39880,10170,1646186,N/A,1646186000,41278
14080,2100,3830,990,141390,N/A,141390000,36916
14081,1260,2280,730,65032,N/A,65032000,28523
14082,240,450,120,13334,N/A,13334000,29631
14085,4000,7860,2390,332198,N/A,332198000,42264
14086,18290,33290,9310,1374964,N/A,1374964000,41303
14091,570,1130,390,29337,N/A,29337000,25962
14092,5850,10080,2440,474489,N/A,474489000,47072
14094,25110,44800,12410,1430615,N/A,1430615000,31933
14098,1410,2750,870,70226,N/A,70226000,25537
14101,850,1540,430,38981,N/A,38981000,25312
14102,650,1190,310,47843,N/A,47843000,40204
14103,4880,8860,2570,233776,N/A,233776000,26386
14105,2150,3900,1060,114946,N/A,114946000,29473
14108,2840,5110,1390,163418,N/A,163418000,31980
14111,1540,2890,850,86253,N/A,86253000,29845
14113,370,710,180,22512,N/A,22512000,31707
14120,22940,39850,10120,1416640,N/A,1416640000,35549
14125,1690,3260,980,88730,N/A,88730000,27218
14127,16020,29370,8110,1729074,N/A,1729074000,58872
14129,630,1150,320,32953,N/A,32953000,28655
14131,2620,4750,1210,155299,N/A,155299000,32695
14132,3030,5310,1320,174970,N/A,174970000,32951
14134,150,250,50,6816,N/A,6816000,27264
14136,2320,4250,1250,118187,N/A,118187000,27809
14138,820,1560,470,38918,N/A,38918000,24947
14139,1190,2210,630,92733,N/A,92733000,41961
14141,3710,6690,1830,272512,N/A,272512000,40734
14143,660,1160,250,37454,N/A,37454000,32288
14145,780,1400,370,44252,N/A,44252000,31609
14150,21870,36110,8340,1168336,N/A,1168336000,32355
14167,820,1420,320,43037,N/A,43037000,30308
14170,1220,2180,520,92856,N/A,92856000,42594
14171,950,1730,430,50266,N/A,50266000,29055
14172,1610,2920,770,100408,N/A,100408000,34386
14174,2900,5250,1360,226765,N/A,226765000,43193
14201,4800,7970,2630,197867,N/A,197867000,24826
14202,1770,2520,490,399858,N/A,399858000,158674
14203,900,1280,310,57777,N/A,57777000,45138
14204,3530,5990,2160,125877,N/A,125877000,21015
14206,9240,16040,5120,343678,N/A,343678000,21426
14207,10060,19830,8080,300995,N/A,300995000,15179
14208,3860,7150,2920,119839,N/A,119839000,16761
14209,3470,5080,1160,284589,N/A,284589000,56021
14210,6430,11200,3810,231603,N/A,231603000,20679
14211,8890,17840,7950,238457,N/A,238457000,13366
14212,4490,9050,3750,134661,N/A,134661000,14880
14213,9540,17670,6570,327664,N/A,327664000,18544
14214,7860,13320,4030,458113,N/A,458113000,34393
14215,16620,30620,12400,542376,N/A,542376000,17713
14216,11310,17700,4170,761852,N/A,761852000,43042
14217,11720,19450,4890,662261,N/A,662261000,34049
14218,8910,16230,5250,363305,N/A,363305000,22385
14219,6100,10040,2540,303859,N/A,303859000,30265
14220,11770,19930,5660,572278,N/A,572278000,28714
14221,27790,50120,13380,2812929,N/A,2812929000,56124
14222,5970,8520,1510,586316,N/A,586316000,68816
14223,12330,20860,5160,731279,N/A,731279000,35057
14224,21860,37220,9160,1367150,N/A,1367150000,36732
14225,17930,29670,7690,842810,N/A,842810000,28406
14226,14740,25870,7110,1209258,N/A,1209258000,46744
14227,12150,19810,4360,627283,N/A,627283000,31665
14228,9780,17140,4830,667543,N/A,667543000,38946
14301,4900,8630,3100,150584,N/A,150584000,17449
14303,2420,4180,1510,74551,N/A,74551000,17835
14304,15110,25330,6370,765185,N/A,765185000,30209
14305,7270,13000,4390,318410,N/A,318410000,24493
14411,5320,9810,2930,251622,N/A,251622000,25650
14414,3410,6110,1640,210713,N/A,210713000,34487
14416,1880,3490,930,112191,N/A,112191000,32146
14418,530,1040,280,28687,N/A,28687000,27584
14420,8110,14450,4000,489500,N/A,489500000,33875
14422,1050,1920,500,62406,N/A,62406000,32503
14423,2350,4290,1170,135560,N/A,135560000,31599
14424,14050,24140,6010,1033395,N/A,1033395000,42808
14425,6390,12040,3790,401229,N/A,401229000,33325
14427,940,1750,490,47808,N/A,47808000,27319
14428,4520,8070,2010,298014,N/A,298014000,36929
14432,2590,4670,1290,142801,N/A,142801000,30578
14433,2020,3970,1350,100008,N/A,100008000,25191
14435,1440,2580,590,100076,N/A,100076000,38789
14437,4330,7860,2110,224265,N/A,224265000,28532
14441,160,300,90,7667,N/A,7667000,25557
14445,3980,6410,1570,191488,N/A,191488000,29873
14450,22050,40370,10790,2034163,N/A,2034163000,50388
14454,3160,5620,1440,235301,N/A,235301000,41869
14456,8860,15400,4460,465244,N/A,465244000,30211
14462,280,550,140,15841,N/A,15841000,28802
14464,3490,6450,1800,184493,N/A,184493000,28604
14466,840,1550,400,48691,N/A,48691000,31414
14467,4910,8740,2270,300118,N/A,300118000,34338
14468,9560,18280,5170,702736,N/A,702736000,38443
14469,2920,5280,1340,192789,N/A,192789000,36513
14470,3800,6870,1830,192416,N/A,192416000,28008
14471,1340,2290,430,80153,N/A,80153000,35001
14472,4430,8380,2480,502703,N/A,502703000,59988
14475,200,410,140,16698,N/A,16698000,40727
14476,1100,2010,520,58876,N/A,58876000,29292
14477,730,1360,360,40337,N/A,40337000,29660
14478,440,770,160,35214,N/A,35214000,45732
14480,440,720,160,26130,N/A,26130000,36292
14481,890,1580,420,48383,N/A,48383000,30622
14482,4080,7370,2060,234665,N/A,234665000,31841
14485,2010,3700,1070,120611,N/A,120611000,32598
14486,160,280,80,9131,N/A,9131000,32611
14487,2980,5410,1470,197826,N/A,197826000,36567
14489,3200,5870,1720,148881,N/A,148881000,25363
14502,5220,9900,2880,361146,N/A,361146000,36479
14504,890,1510,420,39978,N/A,39978000,26475
14505,2540,4710,1290,139743,N/A,139743000,29669
14506,640,1260,380,81584,N/A,81584000,64749
14507,630,1150,290,34066,N/A,34066000,29623
14510,2160,4060,1280,101737,N/A,101737000,25058
14512,2230,4130,1080,136227,N/A,136227000,32985
14513,6450,11370,3310,305058,N/A,305058000,26830
14514,3110,6040,1920,197076,N/A,197076000,32628
14516,1010,1950,540,58886,N/A,58886000,30198
14517,1280,2270,580,65400,N/A,65400000,28811
14519,6160,11590,3200,432063,N/A,432063000,37279
14521,1250,2410,750,66512,N/A,66512000,27598
14522,4480,8010,2150,242465,N/A,242465000,30270
14525,1290,2440,670,68960,N/A,68960000,28262
14526,10800,20330,5850,981179,N/A,981179000,48263
14527,5780,10950,3240,329785,N/A,329785000,30117
14530,2440,4450,1250,132274,N/A,132274000,29724
14532,2180,3980,1140,118282,N/A,118282000,29719
14533,760,1390,390,41393,N/A,41393000,29779
14534,16340,32750,10000,2633429,N/A,2633429000,80410
14536,300,560,160,15856,N/A,15856000,28314
14541,1050,2080,650,61625,N/A,61625000,29627
14543,1700,3010,650,137290,N/A,137290000,45611
14544,890,1720,510,55211,N/A,55211000,32099
14546,2530,4350,1090,178917,N/A,178917000,41130
14548,1940,3440,920,101149,N/A,101149000,29404
14550,750,1410,420,36835,N/A,36835000,26124
14551,2500,4540,1320,120220,N/A,120220000,26480
14555,450,760,120,30925,N/A,30925000,40691
14559,9280,17140,4710,661205,N/A,661205000,38577
14560,990,1880,480,57409,N/A,57409000,30537
14561,1350,2640,830,74464,N/A,74464000,28206
14564,8170,15640,4640,1012383,N/A,1012383000,64730
14568,3080,5740,1550,203038,N/A,203038000,35372
14569,2910,5170,1340,154775,N/A,154775000,29937
14571,630,1190,330,35520,N/A,35520000,29849
14572,2250,4140,1150,114627,N/A,114627000,27688
14580,28160,51030,13690,2295401,N/A,2295401000,44981
14585,140,200,0,6466,N/A,6466000,32330
14586,5660,10950,3480,374212,N/A,374212000,34175
14589,3760,6950,1940,228836,N/A,228836000,32926
14590,2230,4120,1160,112717,N/A,112717000,27358
14591,800,1480,410,43822,N/A,43822000,29609
14604,1190,1420,150,84149,N/A,84149000,59260
14605,4170,8310,3850,109008,N/A,109008000,13118
14606,13310,23480,7550,541712,N/A,541712000,23071
14607,8160,9890,1050,454033,N/A,454033000,45908
14608,4760,8640,3590,147423,N/A,147423000,17063
14609,20150,34060,10780,853235,N/A,853235000,25051
14610,7610,11820,2330,782021,N/A,782021000,66161
14611,6570,12290,5270,177156,N/A,177156000,14415
14612,18100,31370,8150,1113334,N/A,1113334000,35490
14613,5710,11300,5060,167056,N/A,167056000,14784
14614,280,350,40,28599,N/A,28599000,81711
14615,7970,13810,4550,310949,N/A,310949000,22516
14616,14850,25690,7530,687156,N/A,687156000,26748
14617,12310,21990,6110,798732,N/A,798732000,36323
14618,10650,19990,5850,1353602,N/A,1353602000,67714
14619,6480,11070,4040,232828,N/A,232828000,21032
14620,10670,15390,3010,569980,N/A,569980000,37036
14621,12500,23700,10140,340276,N/A,340276000,14358
14622,6720,10900,2430,371464,N/A,371464000,34079
14623,9770,15340,3450,479960,N/A,479960000,31288
14624,20020,34850,8950,1248438,N/A,1248438000,35823
14625,5710,10060,2490,480750,N/A,480750000,47788
14626,16020,27620,6950,980372,N/A,980372000,35495
14701,16120,29330,8980,739529,N/A,739529000,25214
14706,2770,5230,1520,182062,N/A,182062000,34811
14709,680,1330,390,32002,N/A,32002000,24062
14710,1590,2970,760,88863,N/A,88863000,29920
14711,710,1550,580,33489,N/A,33489000,21606
14712,1550,2830,750,116712,N/A,116712000,41241
14714,160,370,110,8574,N/A,8574000,23173
14715,1090,2230,740,48749,N/A,48749000,21861
14716,990,1810,560,40561,N/A,40561000,22409
14717,280,480,120,12633,N/A,12633000,26319
14718,880,1590,380,44756,N/A,44756000,28148
14719,1420,2620,770,68342,N/A,68342000,26085
14721,100,190,50,4281,N/A,4281000,22532
14723,520,990,280,25266,N/A,25266000,25521
14724,1050,2360,860,53484,N/A,53484000,22663
14726,390,890,330,15838,N/A,15838000,17796
14727,2270,4290,1230,124946,N/A,124946000,29125
14728,470,900,250,27292,N/A,27292000,30324
14729,390,700,170,19606,N/A,19606000,28009
14731,750,1230,270,57655,N/A,57655000,46874
14733,1800,3310,1010,79869,N/A,79869000,24130
14735,1020,2220,800,46664,N/A,46664000,21020
14736,240,400,90,12796,N/A,12796000,31990
14737,1720,3260,960,80109,N/A,80109000,24573
14738,1650,3150,900,83457,N/A,83457000,26494
14739,1100,2260,720,46092,N/A,46092000,20395
14740,560,1050,290,27674,N/A,27674000,26356
14741,910,1670,480,46066,N/A,46066000,27584
14743,790,1520,430,37733,N/A,37733000,24824
14744,460,1010,360,23393,N/A,23393000,23161
14747,1010,1940,570,44599,N/A,44599000,22989
14748,270,550,190,11638,N/A,11638000,21160
14750,2360,4280,1110,195075,N/A,195075000,45578
14753,470,860,220,19559,N/A,19559000,22743
14754,270,550,160,13240,N/A,13240000,24073
14755,1230,2200,610,57009,N/A,57009000,25913
14757,1440,2530,640,77766,N/A,77766000,30738
14760,8120,14330,4070,422283,N/A,422283000,29468
14767,730,1700,670,33818,N/A,33818000,19893
14769,390,750,210,16497,N/A,16497000,21996
14770,1310,2510,740,67631,N/A,67631000,26945
14772,1630,3260,1030,82995,N/A,82995000,25459
14775,1100,2070,580,46664,N/A,46664000,22543
14777,280,520,120,14093,N/A,14093000,27102
14779,2940,5390,1820,122759,N/A,122759000,22775
14781,900,1820,600,42057,N/A,42057000,23108
14782,940,1930,620,45002,N/A,45002000,23317
14784,390,740,230,17370,N/A,17370000,23473
14787,2240,4010,1070,112223,N/A,112223000,27986
14801,2230,4600,1550,109513,N/A,109513000,23807
14802,380,620,130,21889,N/A,21889000,35305
14803,550,1070,340,31752,N/A,31752000,29675
14804,620,1170,340,33543,N/A,33543000,28669
14805,530,980,250,30035,N/A,30035000,30648
14806,980,1880,580,52491,N/A,52491000,27921
14807,1360,2560,680,75412,N/A,75412000,29458
14808,280,520,150,10500,N/A,10500000,20192
14809,1050,2030,580,49835,N/A,49835000,24549
14810,5040,9120,2530,239595,N/A,239595000,26271
14812,1500,2850,790,75786,N/A,75786000,26592
14813,1010,1860,490,49701,N/A,49701000,26721
14814,1010,1910,540,81331,N/A,81331000,42582
14815,410,800,210,24050,N/A,24050000,30063
14816,330,610,170,18355,N/A,18355000,30090
14817,1300,2200,500,72217,N/A,72217000,32826
14818,900,1590,340,57572,N/A,57572000,36209
14819,270,540,160,10296,N/A,10296000,19067
14820,270,580,170,13454,N/A,13454000,23197
14821,1510,2860,780,79185,N/A,79185000,27687
14822,470,920,260,23227,N/A,23227000,25247
14823,1610,3150,960,80849,N/A,80849000,25666
14824,320,600,150,16019,N/A,16019000,26698
14825,390,670,170,17535,N/A,17535000,26172
14826,900,1730,490,44913,N/A,44913000,25961
14830,9430,16860,4680,754000,N/A,754000000,44721
14836,470,870,240,26245,N/A,26245000,30167
14837,2210,4430,1400,111211,N/A,111211000,25104
14838,880,1670,460,46563,N/A,46563000,27882
14839,300,590,180,13467,N/A,13467000,22825
14840,1500,2620,540,109501,N/A,109501000,41794
14841,430,730,140,32580,N/A,32580000,44630
14842,340,700,220,18883,N/A,18883000,26976
14843,5650,10420,3130,275319,N/A,275319000,26422
14845,10120,18630,5050,736138,N/A,736138000,39514
14846,300,580,170,13510,N/A,13510000,23293
14847,1130,2080,550,60492,N/A,60492000,29083
14850,23090,38440,9230,1933580,N/A,1933580000,50301
14853,150,130,0,5981,N/A,5981000,46008
14855,360,930,390,15636,N/A,15636000,16813
14858,690,1430,440,41450,N/A,41450000,28986
14859,510,1000,290,25032,N/A,25032000,25032
14860,500,920,250,25553,N/A,25553000,27775
14861,580,1120,300,29401,N/A,29401000,26251
14864,550,1040,310,25622,N/A,25622000,24637
14865,1160,2080,540,59137,N/A,59137000,28431
14867,2690,4870,1340,137827,N/A,137827000,28301
14869,600,1100,310,30544,N/A,30544000,27767
14870,4520,8540,2390,387351,N/A,387351000,45357
14871,2070,3850,940,141750,N/A,141750000,36818
14872,270,510,130,13892,N/A,13892000,27239
14873,1030,2040,630,48058,N/A,48058000,23558
14874,100,180,40,5195,N/A,5195000,28861
14877,220,460,140,9614,N/A,9614000,20900
14878,320,650,210,16263,N/A,16263000,25020
14879,970,1960,620,46836,N/A,46836000,23896
14880,690,1340,370,32156,N/A,32156000,23997
14881,130,220,50,7840,N/A,7840000,35636
14882,1920,3540,960,148947,N/A,148947000,42075
14883,1930,3630,1020,99547,N/A,99547000,27423
14884,170,300,80,8462,N/A,8462000,28207
14885,300,600,190,11857,N/A,11857000,19762
14886,3270,5840,1470,220470,N/A,220470000,37752
14889,700,1340,420,32819,N/A,32819000,24492
14891,2050,3610,960,106202,N/A,106202000,29419
14892,3560,6520,1930,176383,N/A,176383000,27053
14894,640,1160,320,29904,N/A,29904000,25779
14895,3980,7270,2030,237109,N/A,237109000,32615
14897,350,740,230,18197,N/A,18197000,24591
14898,580,1220,420,25608,N/A,25608000,20990
14901,5270,9660,3260,209709,N/A,209709000,21709
14903,3670,6650,1940,240508,N/A,240508000,36167
14904,6810,12270,3820,266214,N/A,266214000,21696
14905,4340,7740,2110,301423,N/A,301423000,38944
99999,87590,151310,40640,14908943,N/A,14908943000,98532
